read_code,cat2,QOF,read_term,cat1
c61..,ICS,Y,Beclometasone dipropionate [respiratory use],asthma_drug
c611.,ICS,Y,Becloforte 250micrograms inhaler,asthma_drug
c612.,ICS,Y,Becotide 50 inhaler,asthma_drug
c613.,ICS,Y,Becotide 100micrograms Rotacap,asthma_drug
c614.,ICS,Y,Becotide 200micrograms Rotacap,asthma_drug
c615.,ICS,Y,Becotide Rotahaler,asthma_drug
c616.,ICS,Y,Becotide 50micrograms/1mL nebuliser solution,asthma_drug
c617.,ICS,Y,Becotide 100 inhaler,asthma_drug
c619.,ICS,Y,Becodisk 100micrograms diskhaler 14x8,asthma_drug
c61A.,ICS,Y,Beclometasone dipropionate 400mcg/blister disks+disk inh,asthma_drug
c61a.,ICS,Y,Becodisk 200micrograms diskhaler 14x8,asthma_drug
c61B.,ICS,Y,Beclometasone dipropionate 400mcg/blister disks refill,asthma_drug
c61b.,ICS,Y,Becotide 400micrograms Rotacap,asthma_drug
c61C.,ICS,Y,Beclomethasone dipropionate 250mcg inh+spacer(large volume),asthma_drug
c61c.,ICS,Y,Becodisk 100micrograms disk refill 14x8,asthma_drug
c61D.,ICS,Y,Beclometasone diprop 50mcg breath-actuated aerosol inhaler,asthma_drug
c61d.,ICS,Y,Becodisk 200micrograms disk refill 14x8,asthma_drug
c61E.,ICS,Y,Beclometasone diprop 250mcg breath-actuated aerosol inhaler,asthma_drug
c61e.,ICS,Y,Becodisk 400micrograms diskhaler 7x8,asthma_drug
c61F.,ICS,Y,Beclometasone diprop 100mcg breath-actuated aerosol inhaler,asthma_drug
c61f.,ICS,Y,Becodisk 400micrograms disk refill 7x8,asthma_drug
c61G.,ICS,Y,Filair 50 inhaler,asthma_drug
c61g.,ICS,Y,Becloforte VM 250micrograms inhaler+spacer(large volume),asthma_drug
c61H.,ICS,Y,Filair 100micrograms inhaler,asthma_drug
c61h.,ICS,Y,Beclometasone dipropionate 400micrograms inhalation capsule,asthma_drug
c61i.,ICS,Y,Becotide 200 inhaler,asthma_drug
c61J.,ICS,Y,Filair Forte 250micrograms inhaler,asthma_drug
c61j.,ICS,Y,Aerobec 50mcg Autohaler,asthma_drug
c61K.,ICS,Y,Beclazone 50 inhaler,asthma_drug
c61k.,ICS,Y,Aerobec Forte 250micrograms Autohaler,asthma_drug
c61L.,ICS,Y,Beclazone 100 inhaler,asthma_drug
c61l.,ICS,Y,Aerobec 100mcg Autohaler,asthma_drug
c61M.,ICS,Y,Beclazone 250 inhaler,asthma_drug
c61m.,ICS,Y,Becloforte diskhaler 400micrograms 14x8,asthma_drug
c61N.,ICS,Y,Beclazone 50 Easi-Breathe inhaler,asthma_drug
c61n.,ICS,Y,Becloforte disks 400micrograms disk refill 14x8,asthma_drug
c61O.,ICS,Y,Beclazone 100 Easi-Breathe inhaler,asthma_drug
c61P.,ICS,Y,Beclazone 250 Easi-Breathe inhaler,asthma_drug
c61p.,ICS,Y,Beclometasone dipropionate 100mcg/blister disk+disk inhaler,asthma_drug
c61Q.,ICS,Y,Becloforte Integra 250micrograms inhaler+compact spacer,asthma_drug
c61q.,ICS,Y,Beclometasone dipropionate 200mcg/blister disk+disk inhaler,asthma_drug
c61R.,ICS,Y,Becloforte Integra 250micrograms refill,asthma_drug
c61r.,ICS,Y,Beclometasone dipropionate 100mcg/blister disks refill,asthma_drug
c61S.,ICS,Y,Beclomethasone dipropionate 250mcg inh+compact spacer,asthma_drug
c61s.,ICS,Y,Beclometasone dipropionate 200mcg/blister disks refill,asthma_drug
c61T.,ICS,Y,Beclomethasone dipropionate 250mcg compact spacer refill,asthma_drug
c61t.,ICS,Y,Beclometasone dipropionate 250micrograms inhaler,asthma_drug
c61U.,ICS,Y,Beclometasone rotahaler device,asthma_drug
c61u.,ICS,Y,Beclometasone dipropionate 200micrograms inhaler,asthma_drug
c61V.,ICS,Y,Beclomethasone dipropionate 50mcg vortex metered dose inh,asthma_drug
c61v.,ICS,Y,Beclometasone dipropionate 50micrograms inhaler,asthma_drug
c61W.,ICS,Y,Asmabec 50micrograms Spacehaler,asthma_drug
c61w.,ICS,Y,Beclometasone dipropionate 100micrograms inhalation capsule,asthma_drug
c61X.,ICS,Y,Beclomethasone dipropionate 100mcg vortex metered dose inh,asthma_drug
c61x.,ICS,Y,Beclometasone dipropionate 200micrograms inhalation capsule,asthma_drug
c61Y.,ICS,Y,Asmabec 100micrograms Spacehaler,asthma_drug
c61y.,ICS,Y,Beclomethasone dipropionate 50mcg/1mL nebuliser solution,asthma_drug
c61Z.,ICS,Y,Beclomethasone dipropionate 250mcg vortex metered dose inh,asthma_drug
c61z.,ICS,Y,Beclometasone dipropionate 100micrograms inhaler,asthma_drug
c64..,ICS,Y,Budesonide [respiratory use],asthma_drug
c641.,ICS,Y,Pulmicort 200micrograms inhaler 200dose,asthma_drug
c642.,ICS,Y,Pulmicort 200micrograms refill 100dose,asthma_drug
c643.,ICS,Y,Pulmicort 200micrograms refill 200dose,asthma_drug
c644.,ICS,Y,Pulmicort LS 50micrograms inhaler,asthma_drug
c645.,ICS,Y,Pulmicort LS 50micrograms inhaler refill,asthma_drug
c647.,ICS,Y,Pulmicort 200micrograms inhaler 100dose,asthma_drug
c648.,ICS,Y,Pulmicort 200micrograms Turbohaler 100dose,asthma_drug
c649.,ICS,Y,Pulmicort 400micrograms Turbohaler 50dose,asthma_drug
c64A.,ICS,Y,Budesonide 200micrograms inhaler refill,asthma_drug
c64a.,ICS,Y,Pulmicort 500mcg Respules 2mL unit,asthma_drug
c64B.,ICS,Y,BUDESONIDE 50micrograms spacer inhaler,asthma_drug
c64b.,ICS,Y,Pulmicort 1mg Respules 2mL unit,asthma_drug
c64C.,ICS,Y,PULMICORT 200micrograms spacer inhaler,asthma_drug
c64c.,ICS,Y,Pulmicort 100micrograms Turbohaler 200dose,asthma_drug
c64D.,ICS,Y,PULMICORT LS 50micrograms spacer inhaler,asthma_drug
c64d.,ICS,Y,Budesonide 100micrograms breath-actuated dry powder inhaler,asthma_drug
c64E.,ICS,Y,Pulmicort 200micrograms inhaler with NebuChamber,asthma_drug
c64e.,ICS,Y,Budesonide 50micrograms inhaler refill,asthma_drug
c64F.,ICS,Y,Budesonide 200micrograms/dose dry powder cartridge refill,asthma_drug
c64G.,ICS,Y,Novolizer Budesonide 200micrograms/dose cartridge refill,asthma_drug
c64g.,ICS,Y,Budesonide 200micrograms breath-actuated dry powder inhaler,asthma_drug
c64H.,ICS,Y,Easyhaler Budesonide 100mcg breath-actuated dry powder inh,asthma_drug
c64h.,ICS,Y,Budesonide 400micrograms breath-actuated dry powder inhaler,asthma_drug
c64I.,ICS,Y,Easyhaler Budesonide 200mcg breath-actuated dry powder inh,asthma_drug
c64i.,ICS,Y,Budesonide 500micrograms/2mL nebulisation unit,asthma_drug
c64J.,ICS,Y,Easyhaler Budesonide 400mcg breath-actuated dry powder inh,asthma_drug
c64j.,ICS,Y,Budesonide 1mg/2mL nebulisation unit,asthma_drug
c64K.,ICS,Y,PULMICORT 100micrograms CFC-free inhaler,asthma_drug
c64k.,ICS,Y,Budesonide 200 Cyclocap,asthma_drug
c64L.,ICS,Y,BUDESONIDE 100micrograms CFC-free inhaler,asthma_drug
c64l.,ICS,Y,Budesonide 400 Cyclocap,asthma_drug
c64M.,ICS,Y,PULMICORT 200micrograms CFC-free inhaler,asthma_drug
c64m.,ICS,Y,Budesonide 200micrograms inhalation capsule,asthma_drug
c64N.,ICS,Y,BUDESONIDE 200micrograms CFC-free inhaler,asthma_drug
c64n.,ICS,Y,Budesonide 400micrograms inhalation capsule,asthma_drug
c64o.,ICS,Y,Budesonide 200micrograms inhaler with spacer device,asthma_drug
c64p.,ICS,Y,Novolizer Budesonide 200micrograms/dose cartridge+inhaler,asthma_drug
c64u.,ICS,Y,Budesonide 200micrograms/dose dry powder cartridge+inhaler,asthma_drug
c64v.,ICS,Y,Budesonide 200micrograms inhaler,asthma_drug
c64w.,ICS,Y,Budesonide refill 100dose,asthma_drug
c64x.,ICS,Y,Budesonide refill 200dose,asthma_drug
c64y.,ICS,Y,Budesonide 50micrograms inhaler,asthma_drug
c64z.,ICS,Y,BUDESONIDE 200micrograms spacer inhaler,asthma_drug
c65..,ICS,Y,Fluticasone propionate [respiratory use],asthma_drug
c651.,ICS,Y,Flixotide 50micrograms/blister disks+diskhaler,asthma_drug
c652.,ICS,Y,Flixotide 100micrograms/blister disks+diskhaler,asthma_drug
c653.,ICS,Y,Flixotide 250micrograms/blister disks+diskhaler,asthma_drug
c654.,ICS,Y,Fluticasone propionate 50mcg/blister disks+disk inhaler,asthma_drug
c655.,ICS,Y,Fluticasone propionate 100mcg/blister disks+disk inhaler,asthma_drug
c656.,ICS,Y,Fluticasone propionate 250mcg/blister disks+disk inhaler,asthma_drug
c657.,ICS,Y,Flixotide 50micrograms/blister disks refill,asthma_drug
c658.,ICS,Y,Flixotide 100micrograms/blister disks refill,asthma_drug
c659.,ICS,Y,Flixotide 250micrograms/blister disks refill,asthma_drug
c65A.,ICS,Y,Fluticasone propionate 50micrograms/blister disks refill,asthma_drug
c65a.,ICS,Y,Flixotide 2mg/2mL Nebule,asthma_drug
c65B.,ICS,Y,Fluticasone propionate 100micrograms/blister disks refill,asthma_drug
c65b.,ICS,Y,Fluticasone propionate 125micrograms CFC-free inhaler,asthma_drug
c65C.,ICS,Y,Fluticasone propionate 250micrograms/blister disks refill,asthma_drug
c65c.,ICS,Y,Fluticasone propionate 250micrograms CFC-free inhaler,asthma_drug
c65D.,ICS,Y,Flixotide 25micrograms inhaler,asthma_drug
c65d.,ICS,Y,Flixotide 125micrograms Evohaler,asthma_drug
c65E.,ICS,Y,Flixotide 50micrograms inhaler,asthma_drug
c65e.,ICS,Y,Flixotide 250micrograms Evohaler,asthma_drug
c65F.,ICS,Y,Flixotide 125micrograms inhaler,asthma_drug
c65f.,ICS,Y,Fluticasone propionate 50micrograms CFC-free inhaler,asthma_drug
c65G.,ICS,Y,Fluticasone propionate 25micrograms inhaler,asthma_drug
c65g.,ICS,Y,Flixotide 50micrograms Evohaler,asthma_drug
c65H.,ICS,Y,Fluticasone propionate 50micrograms inhaler,asthma_drug
c65I.,ICS,Y,Fluticasone propionate 125micrograms inhaler,asthma_drug
c65J.,ICS,Y,Fluticasone propionate 250micrograms inhaler,asthma_drug
c65K.,ICS,Y,Flixotide 250micrograms inhaler,asthma_drug
c65L.,ICS,Y,Flixotide 500micrograms disks+diskhaler,asthma_drug
c65M.,ICS,Y,Flixotide 500micrograms disks refill,asthma_drug
c65N.,ICS,Y,Fluticasone propionate 500mcg/blister disks+disk inhaler,asthma_drug
c65O.,ICS,Y,Fluticasone propionate 500micrograms/blister disks refill,asthma_drug
c65P.,ICS,Y,Fluticasone propionate 50mcg breath-actuated dry pdr inhaler,asthma_drug
c65Q.,ICS,Y,Fluticasone propionate 100mcg breath-actuate dry pdr inhaler,asthma_drug
c65R.,ICS,Y,Fluticasone propionate 250mcg breath-actuate dry pdr inhaler,asthma_drug
c65S.,ICS,Y,Fluticasone propionate 500mcg breath-actuate dry pdr inhaler,asthma_drug
c65T.,ICS,Y,Flixotide 50micrograms Accuhaler,asthma_drug
c65U.,ICS,Y,Flixotide 100micrograms Accuhaler,asthma_drug
c65V.,ICS,Y,Flixotide 250micrograms Accuhaler,asthma_drug
c65W.,ICS,Y,Flixotide 500micrograms Accuhaler,asthma_drug
c65X.,ICS,Y,Fluticasone propionate 0.5mg/2mL nebulisation unit,asthma_drug
c65Y.,ICS,Y,Fluticasone propionate 2mg/2mL nebulisation unit,asthma_drug
c65Z.,ICS,Y,Flixotide 0.5mg/2mL Nebule,asthma_drug
c66..,ICS,Y,Beclometasone dipropionate [respiratory use 2],asthma_drug
c661.,ICS,Y,Asmabec 250micrograms Spacehaler,asthma_drug
c662.,ICS,Y,Becotide 50 Easi-Breathe inhaler,asthma_drug
c663.,ICS,Y,Becotide 100 Easi-Breathe inhaler,asthma_drug
c664.,ICS,Y,Becloforte Easi-Breathe 250micrograms inhaler,asthma_drug
c665.,ICS,Y,Qvar 50 inhaler,asthma_drug
c666.,ICS,Y,Qvar 100 inhaler,asthma_drug
c667.,ICS,Y,Qvar 50 Autohaler,asthma_drug
c668.,ICS,Y,Qvar 100 Autohaler,asthma_drug
c669.,ICS,Y,Beclazone 200 inhaler,asthma_drug
c66A.,ICS,Y,Beclometasone diprop 50mcg breath-actuated powder inhaler,asthma_drug
c66a.,ICS,Y,Qvar Easi-Breathe 100mcg CFC-free breath-act dry pdr inhaler,asthma_drug
c66B.,ICS,Y,Beclometasone diprop 100mcg breath-actuated powder inhaler,asthma_drug
c66b.,ICS,Y,Easyhaler Beclometasone 200mcg breath-act dry powder inhaler,asthma_drug
c66C.,ICS,Y,Beclometasone diprop 250mcg breath-actuated powder inhaler,asthma_drug
c66c.,ICS,Y,CLENIL MODULITE 50micrograms CFC-free inhaler,asthma_drug
c66D.,ICS,Y,Asmabec 50micrograms Clickhaler,asthma_drug
c66d.,ICS,Y,CLENIL MODULITE 100micrograms CFC-free inhaler,asthma_drug
c66E.,ICS,Y,Asmabec 100micrograms Clickhaler,asthma_drug
c66e.,ICS,Y,CLENIL MODULITE 200micrograms CFC-free inhaler,asthma_drug
c66F.,ICS,Y,Asmabec 250micrograms Clickhaler,asthma_drug
c66f.,ICS,Y,CLENIL MODULITE 250micrograms CFC-free inhaler,asthma_drug
c66G.,ICS,Y,Beclometasone diprop 400mcg breath-actuated powder inhaler,asthma_drug
c66g.,ICS,Y,BECLOMETASONE DIPROPIONATE 200micrograms CFC-free inhaler,asthma_drug
c66H.,ICS,Y,Beclometasone diprop 200mcg breath-actuated powder inhaler,asthma_drug
c66h.,ICS,Y,BECLOMETASONE DIPROPIONATE 250micrograms CFC-free inhaler,asthma_drug
c66I.,ICS,Y,Pulvinal Beclomethasone Diprop 100mcg breath-act dry pdr inh,asthma_drug
c66J.,ICS,Y,Pulvinal Beclomethasone Diprop 200mcg breath-act dry pdr inh,asthma_drug
c66K.,ICS,Y,Pulvinal Beclomethasone Diprop 400mcg breath-act dry pdr inh,asthma_drug
c66L.,ICS,Y,Beclometasone 100 Cyclocap,asthma_drug
c66M.,ICS,Y,Beclometasone 200 Cyclocap,asthma_drug
c66N.,ICS,Y,Beclometasone 400 Cyclocap,asthma_drug
c66P.,ICS,Y,Becodisk 100micrograms diskhaler 15x8,asthma_drug
c66Q.,ICS,Y,Becodisk 200micrograms diskhaler 15x8,asthma_drug
c66R.,ICS,Y,Becodisk 400microcgrams diskhaler 15x8,asthma_drug
c66S.,ICS,Y,Becodisk 100micrograms disk refill 15x8,asthma_drug
c66T.,ICS,Y,Becodisk 200micrograms disk refill 15x8,asthma_drug
c66U.,ICS,Y,Becodisk 400micrograms disk refill 15x8,asthma_drug
c66V.,ICS,Y,Beclometasone dipropionate 50micrograms CFC-free inhaler,asthma_drug
c66W.,ICS,Y,Beclometasone dipropionate 100micrograms CFC-free inhaler,asthma_drug
c66X.,ICS,Y,Beclometasone dipropionate 50mcg CFC-free br-act inhaler,asthma_drug
c66Y.,ICS,Y,Beclometasone dipropionate 100mcg CFC-free br-act inhaler,asthma_drug
c66Z.,ICS,Y,Qvar Easi-Breathe 50mcg CFC-free breath-act dry pdr inhaler,asthma_drug
c681.,ICS,Y,Mometasone furoate 200mcg breath-actuated dry powder inhaler,asthma_drug
c682.,ICS,Y,Mometasone furoate 400mcg breath-actuated dry powder inhaler,asthma_drug
c683.,ICS,Y,Asmanex Twisthaler 200mcg breath-actuated dry powder inhaler,asthma_drug
c684.,ICS,Y,Asmanex Twisthaler 400mcg breath-actuated dry powder inhaler,asthma_drug
c691.,ICS,Y,Alvesco 160micrograms inhaler,asthma_drug
c692.,ICS,Y,Alvesco 80micrograms inhaler,asthma_drug
c69y.,ICS,Y,Ciclesonide 80micrograms inhaler,asthma_drug
c69z.,ICS,Y,Ciclesonide 160micrograms inhaler,asthma_drug
x00bU,ICS,Y,Pulmicort 500micrograms/2mL Respule,asthma_drug
x00bV,ICS,Y,Pulmicort 1mg/2mL Respule,asthma_drug
x00gE,ICS,Y,Pulmicort 100micrograms Turbohaler,asthma_drug
x00gF,ICS,Y,Pulmicort 200micrograms Turbohaler,asthma_drug
x00gG,ICS,Y,Pulmicort 400micrograms Turbohaler,asthma_drug
x00Hx,ICS,Y,Becloforte 400micrograms/blister disks refill,asthma_drug
x00Hy,ICS,Y,Becodisks 100micrograms/blister disks refill,asthma_drug
x00Hz,ICS,Y,Becodisks 200micrograms/blister disks refill,asthma_drug
x00I0,ICS,Y,Becodisks 400micrograms/blister disks refill,asthma_drug
x00I1,ICS,Y,Becloforte 400micrograms/blister disks+diskhaler,asthma_drug
x00I2,ICS,Y,Becodisks 100micrograms disks+diskhaler,asthma_drug
x00I3,ICS,Y,Becodisks 200micrograms/blister disks+diskhaler,asthma_drug
x00I4,ICS,Y,Becodisks 400micrograms/blister disks+diskhaler,asthma_drug
x00QU,ICS,Y,Pulmicort 200micrograms inhaler,asthma_drug
x00QV,ICS,Y,Pulmicort 200micrograms inhaler refill,asthma_drug
x00z6,ICS,Y,Respiratory budesonide,asthma_drug
x029g,ICS,Y,Budesonide refill,asthma_drug
c67..,ICSLABA,Y,Budesonide+formoterol,asthma_drug
c671.,ICSLABA,Y,Symbicort 100/6 Turbohaler,asthma_drug
c672.,ICSLABA,Y,Symbicort 200/6 Turbohaler,asthma_drug
c673.,ICSLABA,Y,Symbicort 400/12 Turbohaler,asthma_drug
c674.,ICSLABA,Y,DUORESP SPIROMAX 160mcg/4.5mcg breath-act dry powder inhaler,asthma_drug
c675.,ICSLABA,Y,DUORESP SPIROMAX 320mcg/9mcg breath-act dry powder inhaler,asthma_drug
c67x.,ICSLABA,Y,Budesonide+formoterol fumarate 400/12mcg b-act dry pdr inh,asthma_drug
c67y.,ICSLABA,Y,Budesonide+formoterol fumarate 200/6mcg bth-act dry pdr inh,asthma_drug
c67z.,ICSLABA,Y,Budesonide+formoterol fumarate 100/6mcg bth-act dry pdr inh,asthma_drug
c6B..,ICSLABA,Y,FLUTICASONE+VILANTEROL,asthma_drug
c6B1.,ICSLABA,Y,RELVAR ELLIPTA 184micrograms/22micrograms inhaler,asthma_drug
c6B2.,ICSLABA,Y,FLUTICASONE FUROATE+VILANTEROL 184mcg/22mcg dry pdr inhaler,asthma_drug
c6B3.,ICSLABA,Y,RELVAR ELLIPTA 92micrograms/22micrograms inhaler,asthma_drug
c6B4.,ICSLABA,Y,FLUTICASONE FUROATE+VILANTEROL 92mcg/22mcg dry pdr inhaler,asthma_drug
c1D..,ICSLABA,Y,Salmeterol+fluticasone propionate,asthma_drug
c1D1.,ICSLABA,Y,Seretide 100 Accuhaler,asthma_drug
c1D2.,ICSLABA,Y,Seretide 250 Accuhaler,asthma_drug
c1D3.,ICSLABA,Y,Seretide 500 Accuhaler,asthma_drug
c1D4.,ICSLABA,Y,Seretide 50 Evohaler,asthma_drug
c1D5.,ICSLABA,Y,Seretide 125 Evohaler,asthma_drug
c1D6.,ICSLABA,Y,Seretide 250 Evohaler,asthma_drug
c1Du.,ICSLABA,Y,Salmeterol+fluticasone propionate 25mcg/50mcg CFC-free inh,asthma_drug
c1Dv.,ICSLABA,Y,Salmeterol+fluticasone propionate 25mcg/125mcg CFC-free inh,asthma_drug
c1Dw.,ICSLABA,Y,Salmeterol+fluticasone propionate 25mcg/250mcg CFC-free inh,asthma_drug
c1Dx.,ICSLABA,Y,Salmeterol+fluticasone propionate 50mcg/100mcg b-act pdr inh,asthma_drug
c1Dy.,ICSLABA,Y,Salmeterol+fluticasone propionate 50mcg/250mcg b-act pdr inh,asthma_drug
c1Dz.,ICSLABA,Y,Salmeterol+fluticasone propionate 50mcg/500mcg b-act pdr inh,asthma_drug
c1c..,ICSLABA,Y,FLUTICASONE PROPIONATE+FORMOTEROL FUMARATE,asthma_drug
c1c1.,ICSLABA,Y,FLUTIFORM 50micrograms/5micrograms inhaler,asthma_drug
c1c2.,ICSLABA,Y,FLUTIFORM 125micrograms/5micrograms inhaler,asthma_drug
c1c3.,ICSLABA,Y,FLUTIFORM 250micrograms/10micrograms inhaler,asthma_drug
c1cx.,ICSLABA,Y,FLUTICASONE PROPIONATE+FORMOTEROL FUMARATE 250mcg/10mcg inh,asthma_drug
c1cy.,ICSLABA,Y,FLUTICASONE PROPIONATE+FORMOTEROL FUMARATE 125mcg/5mcg inh,asthma_drug
c1cz.,ICSLABA,Y,FLUTICASONE PROPIONATE+FORMOTEROL FUMARATE 50mcg/5mcg inh,asthma_drug
c6A..,ICSLABA,Y,BECLOMETASONE+FORMOTEROL,asthma_drug
c6A1.,ICSLABA,Y,FOSTAIR 100micrograms/6micrograms inhaler,asthma_drug
c6A2.,ICSLABA,Y,FOSTAIR NEXTHALER 100micrograms/6micrograms powder inhaler,asthma_drug
c6Ay.,ICSLABA,Y,BECLOMET DIPROP+FORMOTERL FUMARATE DIHYD 100mcg/6mcg pdr inh,asthma_drug
c6Az.,ICSLABA,Y,BECLOMETASONE+FORMOTEROL 100micrograms/6micrograms inhaler,asthma_drug
c1C..,LABA,Y,Formoterol,asthma_drug
c1C1.,LABA,Y,Formoterol fumarate 12micrograms inhalation capsules+inhaler,asthma_drug
c1C2.,LABA,Y,Foradil 12micrograms inhalation capsules+inhaler,asthma_drug
c1C3.,LABA,Y,Formoterol fumarate 6micrograms breath-act dry powder inh,asthma_drug
c1C4.,LABA,Y,Formoterol fumarate 12micrograms breath-act dry powder inh,asthma_drug
c1C5.,LABA,Y,Oxis 6micrograms Turbohaler,asthma_drug
c1C6.,LABA,Y,Oxis 12micrograms Turbohaler,asthma_drug
c1C7.,LABA,Y,Atimos Modulite 12micrograms metered dose inhaler,asthma_drug
c1C8.,LABA,Y,FORMOTEROL EASYHALER 12micrograms breath-act dry powder inh,asthma_drug
c1Cy.,LABA,Y,FORMOTEROL FUMARATE DIHYDRATE 12mcg breath-act dry pdr inh,asthma_drug
c1Cz.,LABA,Y,Formoterol fumarate dihydrate 12mcg metered dose inhaler,asthma_drug
c19..,LABA,Y,Salmeterol product,asthma_drug
c191.,LABA,Y,Salmeterol 25micrograms inhaler,asthma_drug
c192.,LABA,Y,Serevent 25micrograms inhaler,asthma_drug
c193.,LABA,Y,Serevent 50micrograms/blister disks+diskhaler,asthma_drug
c194.,LABA,Y,Serevent 50micrograms/blister disks refill,asthma_drug
c195.,LABA,Y,Salmeterol 50micrograms/blister disks+disk inhaler,asthma_drug
c196.,LABA,Y,Salmeterol 50micrograms/blister disks refill,asthma_drug
c197.,LABA,Y,Salmeterol 50micrograms breath-actuated dry powder inhaler,asthma_drug
c198.,LABA,Y,Serevent 50micrograms Accuhaler,asthma_drug
c199.,LABA,Y,Serevent 25micrograms Evohaler,asthma_drug
c19A.,LABA,Y,NEOVENT 25micrograms CFC-free inhaler,asthma_drug
c19B.,LABA,Y,VERTINE 25micrograms CFC-free inhaler,asthma_drug
c19z.,LABA,Y,Salmeterol 25micrograms CFC-free inhaler,asthma_drug
c1b..,LABA,N,INDACATEROL,asthma_drug
c1b1.,LABA,N,ONBREZ BREEZHALER 150micrograms inhalation capsules+inhaler,asthma_drug
c1b2.,LABA,N,INDACATEROL 150micrograms inhalation capsules+inhaler,asthma_drug
c1b3.,LABA,N,ONBREZ BREEZHALER 300micrograms inhalation capsules+inhaler,asthma_drug
c1b4.,LABA,N,INDACATEROL 300micrograms inhalation capsules+inhaler,asthma_drug
c1d..,LABA,N,OLODATEROL,asthma_drug
c1d1.,LABA,N,STRIVERDI RESPIMAT 2.5micrograms inhaler,asthma_drug
c1d2.,LABA,N,OLODATEROL 2.5micrograms inhaler,asthma_drug
cA...,LTRA,Y,Leukotriene receptor antagonist,asthma_drug
cA1..,LTRA,Y,Montelukast product,asthma_drug
cA11.,LTRA,Y,Montelukast 10mg tablet,asthma_drug
cA12.,LTRA,Y,Montelukast 5mg chewable tablet,asthma_drug
cA13.,LTRA,Y,Singulair 10mg tablet,asthma_drug
cA14.,LTRA,Y,Singulair Paediatric 5mg chewable tablet,asthma_drug
cA15.,LTRA,Y,Singulair Paediatric 4mg chewable tablet,asthma_drug
cA16.,LTRA,Y,Singulair Paediatric 4mg/sachet granules,asthma_drug
cA1y.,LTRA,Y,Montelukast 4mg/sachet granules,asthma_drug
cA1z.,LTRA,Y,Montelukast 4mg chewable tablet,asthma_drug
cA2..,LTRA,Y,Zafirlukast,asthma_drug
cA21.,LTRA,Y,Zafirlukast 20mg tablet,asthma_drug
cA22.,LTRA,Y,Accolate 20mg tablet,asthma_drug
c43..,methylxanthine,Y,Theophylline product,asthma_drug
c431.,methylxanthine,Y,Biophylline 125mg/5mL syrup,asthma_drug
c432.,methylxanthine,Y,Nuelin 125mg tablet,asthma_drug
c433.,methylxanthine,Y,Nuelin 60mg/5mL liquid,asthma_drug
c434.,methylxanthine,Y,Lasma 300mg m/r tablet,asthma_drug
c435.,methylxanthine,Y,Nuelin SA 175mg m/r tablet,asthma_drug
c436.,methylxanthine,Y,Nuelin SA-250 m/r tablet,asthma_drug
c437.,methylxanthine,Y,Pro-Vent 300mg m/r capsule,asthma_drug
c438.,methylxanthine,Y,Slo-Phyllin 60mg m/r capsule,asthma_drug
c439.,methylxanthine,Y,Slo-Phyllin 125mg m/r capsule,asthma_drug
c43A.,methylxanthine,Y,Theophylline 200mg/10mL injection,asthma_drug
c43B.,methylxanthine,Y,Theophylline 10mg/5mL s/f oral solution,asthma_drug
c43a.,methylxanthine,Y,Slo-Phyllin 250mg m/r capsule,asthma_drug
c43b.,methylxanthine,Y,Theo-Dur 200mg m/r tablet,asthma_drug
c43c.,methylxanthine,Y,Theo-Dur 300mg m/r tablet,asthma_drug
c43d.,methylxanthine,Y,Theograd 350mg m/r tablet,asthma_drug
c43e.,methylxanthine,Y,Uniphyllin Continus 400mg m/r tablet,asthma_drug
c43f.,methylxanthine,Y,Uniphyllin Continus 200mg m/r tablet,asthma_drug
c43g.,methylxanthine,Y,Labophylline 200mg/10mL injection,asthma_drug
c43h.,methylxanthine,Y,Uniphyllin Continus 300mg m/r tablet,asthma_drug
c43i.,methylxanthine,Y,Biophylline 350mg m/r tablet,asthma_drug
c43j.,methylxanthine,Y,Biophylline 500mg m/r tablet,asthma_drug
c43k.,methylxanthine,Y,Theophylline 500mg m/r tablet,asthma_drug
c43m.,methylxanthine,Y,Theophylline 125mg/5mL syrup,asthma_drug
c43n.,methylxanthine,Y,Theophylline 125mg tablet,asthma_drug
c43o.,methylxanthine,Y,Theophylline 60mg/5mL liquid,asthma_drug
c43p.,methylxanthine,Y,Theophylline 175mg m/r tablet,asthma_drug
c43q.,methylxanthine,Y,Theophylline 250mg m/r tablet,asthma_drug
c43r.,methylxanthine,Y,Theophylline 300mg m/r capsule,asthma_drug
c43s.,methylxanthine,Y,Theophylline 60mg m/r capsule,asthma_drug
c43t.,methylxanthine,Y,Theophylline 125mg m/r capsule,asthma_drug
c43u.,methylxanthine,Y,Theophylline 250mg m/r capsule,asthma_drug
c43v.,methylxanthine,Y,Theophylline 200mg m/r tablet,asthma_drug
c43w.,methylxanthine,Y,Theophylline 300mg m/r tablet,asthma_drug
c43x.,methylxanthine,Y,Theophylline 350mg m/r tablet,asthma_drug
c43y.,methylxanthine,Y,Theophylline 400mg m/r tablet,asthma_drug
c43z.,methylxanthine,Y,Theophylline 200mg tablet,asthma_drug
c41..,methylxanthine,Y,Aminophylline,asthma_drug
c411.,methylxanthine,Y,Aminophylline 100mg tablet,asthma_drug
c412.,methylxanthine,Y,Aminophylline 250mg/10mL injection,asthma_drug
c413.,methylxanthine,Y,Aminophylline 500mg/2mL injection,asthma_drug
c414.,methylxanthine,Y,Aminophylline 50mg suppository,asthma_drug
c415.,methylxanthine,Y,Aminophylline 100mg suppository,asthma_drug
c416.,methylxanthine,Y,Aminophylline 150mg suppository,asthma_drug
c417.,methylxanthine,Y,Aminophylline 180mg suppository,asthma_drug
c418.,methylxanthine,Y,Aminophylline 360mg suppository,asthma_drug
c419.,methylxanthine,Y,Theodrox tablet,asthma_drug
c41A.,methylxanthine,Y,Norphyllin 100mg tablet,asthma_drug
c41B.,methylxanthine,Y,Norphyllin SR 225mg m/r tablet,asthma_drug
c41C.,methylxanthine,Y,Norphyllin SR 350mg m/r tablet,asthma_drug
c41a.,methylxanthine,Y,Phyllocontin Continus 225mg m/r tablet,asthma_drug
c41b.,methylxanthine,Y,Phyllocontin Continus Forte 350mg m/r tablet,asthma_drug
c41c.,methylxanthine,Y,Phyllocontin Continus 100mg paediatric m/r tablet,asthma_drug
c41d.,methylxanthine,Y,Aminophylline 225mg m/r tablet,asthma_drug
c41e.,methylxanthine,Y,Pecram 225mg m/r tablet,asthma_drug
c41f.,methylxanthine,Y,Aminophylline 350mg m/r tablet,asthma_drug
c41g.,methylxanthine,Y,Aminophylline 100mg m/r tablet,asthma_drug
c41h.,methylxanthine,Y,Amnivent 225 SR m/r tablet,asthma_drug
c41i.,methylxanthine,Y,Amnivent 350 SR m/r tablet,asthma_drug
c41j.,methylxanthine,Y,Min-I-Jet Aminophylline 250mg/10mL prefilled syringe,asthma_drug
c41k.,methylxanthine,Y,Aminophylline 250mg/10mL prefilled syringe,asthma_drug
c41m.,methylxanthine,Y,Aminophylline hydrate 225mg m/r tablet,asthma_drug
c42..,methylxanthine,N,Choline theophyllinate,asthma_drug
c42w.,methylxanthine,N,Choline theophyllinate 100mg tablet,asthma_drug
c421.,methylxanthine,N,Choledyl 100mg tablet,asthma_drug
c42x.,methylxanthine,N,Choline theophyllinate 200mg tablet,asthma_drug
c422.,methylxanthine,N,Choledyl 200mg tablet,asthma_drug
c42z.,methylxanthine,N,Choline theophyllinate 424mg m/r tablet,asthma_drug
c424.,methylxanthine,N,Sabidal SR-270 424mg m/r tablet,asthma_drug
c42y.,methylxanthine,N,Choline theophyllinate 62.5mg/5mL syrup,asthma_drug
c423.,methylxanthine,N,Choledyl 62.5mg/5mL syrup,asthma_drug
x01Ej,methylxanthine,Y,Oral aminophylline,asthma_drug
x01Ek,methylxanthine,Y,Parenteral aminophylline,asthma_drug
fe6..,OCS,N,Prednisolone [endocrine use],asthma_drug
fe3..,OCS,N,Dexamethasone [endocrine use],asthma_drug
fe31.,OCS,N,Dexamethasone 500micrograms tablet,asthma_drug
fe32.,OCS,N,Dexamethasone 2mg tablet,asthma_drug
fe33.,OCS,N,Decadron 500micrograms tablet,asthma_drug
fe36.,OCS,N,Oradexon 500micrograms tablet,asthma_drug
fe37.,OCS,N,Oradexon 2mg tablet,asthma_drug
fe3A.,OCS,N,Dexsol 2mg/5mL oral solution,asthma_drug
fe3B.,OCS,N,DEXAMETHASONE 10mg/5mL oral solution,asthma_drug
fe3C.,OCS,N,MARTAPAN 2mg/5mL oral solution,asthma_drug
fe3r.,OCS,N,Dexamethasone 500micrograms/5mL oral solution,asthma_drug
fe3s.,OCS,N,Dexamethasone 2mg/5mL s/f oral solution,asthma_drug
fe3u.,OCS,N,Dexamethasone 2mg/5mL liquid,asthma_drug
fe4..,OCS,N,Hydrocortisone product,asthma_drug
fe41.,OCS,N,Hydrocortisone 10mg tablet,asthma_drug
fe42.,OCS,N,Hydrocortisone 20mg tablet,asthma_drug
fe43.,OCS,N,Hydrocortistab 20mg tablet,asthma_drug
fe44.,OCS,N,Hydrocortone 10mg tablet,asthma_drug
fe45.,OCS,N,Hydrocortone 20mg tablet,asthma_drug
fe4e.,OCS,N,PLENADREN 5mg m/r tablets,asthma_drug
fe4f.,OCS,N,HYDROCORTISONE 5mg m/r tablets,asthma_drug
fe4g.,OCS,N,PLENADREN 20mg m/r tablets,asthma_drug
fe4h.,OCS,N,HYDROCORTISONE 20mg m/r tablets,asthma_drug
fe5..,OCS,N,Methylprednisolone [endocrine use],asthma_drug
fe51.,OCS,N,Medrone 2mg tablet,asthma_drug
fe52.,OCS,N,Medrone 4mg tablet,asthma_drug
fe53.,OCS,N,Medrone 16mg tablet,asthma_drug
fe5f.,OCS,N,Medrone 100mg tablet,asthma_drug
fe5m.,OCS,N,Methylprednisolone 100mg tablet,asthma_drug
fe5n.,OCS,N,Methylprednisolone 2mg tablet,asthma_drug
fe5o.,OCS,N,Methylprednisolone 4mg tablet,asthma_drug
fe5p.,OCS,N,Methylprednisolone 16mg tablet,asthma_drug
fe61.,OCS,N,Prednisolone 1mg tablet,asthma_drug
fe62.,OCS,N,Prednisolone 5mg tablet,asthma_drug
fe64.,OCS,N,Delta-Phoricol 5mg tablet,asthma_drug
fe65.,OCS,N,Deltacortril Enteric 2.5mg e/c tablet,asthma_drug
fe66.,OCS,N,Deltacortril Enteric 5mg e/c tablet,asthma_drug
fe67.,OCS,N,Deltalone 1mg tablet,asthma_drug
fe68.,OCS,N,Deltalone 5mg tablet,asthma_drug
fe69.,OCS,N,Deltastab 1mg tablet,asthma_drug
fe6a.,OCS,N,Deltastab 5mg tablet,asthma_drug
fe6c.,OCS,N,Precortisyl 1mg tablet,asthma_drug
fe6d.,OCS,N,Precortisyl 5mg tablet,asthma_drug
fe6e.,OCS,N,Precortisyl Forte 25mg tablet,asthma_drug
fe6f.,OCS,N,Prednesol 5mg tablet,asthma_drug
fe6g.,OCS,N,Sintisone 5mg tablet,asthma_drug
fe6h.,OCS,N,Prednisolone 2.5mg e/c tablet,asthma_drug
fe6i.,OCS,N,Prednisolone 5mg e/c tablet,asthma_drug
fe6j.,OCS,N,Prednisolone 5mg soluble tablet,asthma_drug
fe6k.,OCS,N,Prednisolone 50mg tablet,asthma_drug
fe6l.,OCS,N,DILACORT 5mg gastro-resistant tablets,asthma_drug
fe6m.,OCS,N,DILACORT 2.5mg gastro-resistant tablets,asthma_drug
fe6n.,OCS,N,PEVANTI 2.5mg tablets,asthma_drug
fe6o.,OCS,N,PEVANTI 25mg tablets,asthma_drug
fe6p.,OCS,N,PEVANTI 5mg tablets,asthma_drug
fe6q.,OCS,N,PEVANTI 10mg tablets,asthma_drug
fe6r.,OCS,N,PEVANTI 20mg tablets,asthma_drug
fe6s.,OCS,N,PREDNISOLONE 20mg tablets,asthma_drug
fe6t.,OCS,N,PREDNISOLONE 10mg tablets,asthma_drug
fe6v.,OCS,N,Prednisolone 2.5mg tablet,asthma_drug
fe6w.,OCS,N,*PREDNISOLONE 2.5mg tablets,asthma_drug
fe6z.,OCS,N,Prednisolone 25mg tablet,asthma_drug
fe7..,OCS,N,Prednisone,asthma_drug
fe71.,OCS,N,Prednisone 1mg tablet,asthma_drug
fe72.,OCS,N,Prednisone 5mg tablet,asthma_drug
fe73.,OCS,N,Decortisyl 5mg tablet,asthma_drug
fe74.,OCS,N,Econosone 1mg tablet,asthma_drug
fe75.,OCS,N,Econosone 5mg tablet,asthma_drug
fe76.,OCS,N,Prednisone 20mg tablet,asthma_drug
fe77.,OCS,N,LODOTRA 2mg m/r tablets,asthma_drug
fe78.,OCS,N,LODOTRA 5mg m/r tablets,asthma_drug
fe79.,OCS,N,LODOTRA 1mg m/r tablets,asthma_drug
fe7x.,OCS,N,PREDNISONE 5mg m/r tablets,asthma_drug
fe7y.,OCS,N,PREDNISONE 2mg m/r tablets,asthma_drug
fe7z.,OCS,N,PREDNISONE 1mg m/r tablets,asthma_drug
x00yP,OCS,N,Oral prednisolone,asthma_drug
x01Mh,OCS,N,Oral dexamethasone,asthma_drug
x01Na,OCS,N,Oral hydrocortisone,asthma_drug
x01Nb,OCS,N,Oral methylprednisolone,asthma_drug
fe11.,OCS,N,BETNELAN 500micrograms tablets,asthma_drug
fe12.,OCS,N,*BETNESOL 500micrograms tabs,asthma_drug
fe1x.,OCS,N,BETAMETHASONE 500micrograms soluble tablets,asthma_drug
fe1y.,OCS,N,BETAMETHASONE 500microgram tablets,asthma_drug
fe21.,OCS,N,*CORTISONE 5mg tablets,asthma_drug
fe22.,OCS,N,*CORTISONE 25mg tablets,asthma_drug
fe23.,OCS,N,*CORTELAN 25mg tablets,asthma_drug
fe24.,OCS,N,*CORTISTAB 5mg tablets,asthma_drug
fe25.,OCS,N,*CORTISTAB 25mg tablets,asthma_drug
fe26.,OCS,N,*CORTISYL 25mg tablets,asthma_drug
x01MW,OCS,N,Oral betamethasone,asthma_drug
ck1..,biologic,Y,OMALIZUMAB,asthma_drug
ck11.,biologic,Y,OMALIZUMAB 150mg injection(pdr for recon)+solvent,asthma_drug
ck12.,biologic,Y,XOLAIR 150mg injection(pdr for recon)+solvent,asthma_drug
ck13.,biologic,Y,OMALIZUMAB 75mg/0.5mL soln for injection prefilled syringe,asthma_drug
ck14.,biologic,Y,XOLAIR 75mg/0.5mL solution for injection prefilled syringe,asthma_drug
ck15.,biologic,Y,OMALIZUMAB 150mg/1mL soln for injection prefilled syringe,asthma_drug
ck16.,biologic,Y,XOLAIR 150mg/1mL solution for injection prefilled syringe,asthma_drug
x01Cq,SABA,Y,Terbutaline,asthma_drug
x01Cr,SABA,Y,Oral terbutaline,asthma_drug
c14r.,SABA,Y,Terbutaline sulphate 5mg tablet,asthma_drug
c141.,SABA,Y,Bricanyl 5mg tablet,asthma_drug
c14a.,SABA,Y,Monovent 5mg tablet,asthma_drug
c14y.,SABA,Y,Terbutaline sulphate 7.5mg m/r tablet,asthma_drug
c149.,SABA,Y,Bricanyl SA 7.5mg m/r tablet,asthma_drug
c14c.,SABA,Y,Monovent SA 7.5mg m/r tablet,asthma_drug
c14z.,SABA,Y,Terbutaline sulphate 1.5mg/5mL syrup,asthma_drug
c142.,SABA,Y,Bricanyl 1.5mg/5mL s/f syrup,asthma_drug
c14b.,SABA,Y,Monovent 1.5mg/5mL syrup,asthma_drug
x006b,SABA,Y,Inhaled terbutaline,asthma_drug
c14t.,SABA,Y,Terbutaline sulphate 250micrograms inhaler,asthma_drug
c144.,SABA,Y,Bricanyl 250micrograms inhaler,asthma_drug
c14u.,SABA,Y,Terbutaline sulphate 250micrograms inhaler refill,asthma_drug
c145.,SABA,Y,Bricanyl 250micrograms inhaler refill,asthma_drug
c14v.,SABA,Y,Terbutaline sulphate 250micrograms spacer inhaler,asthma_drug
c146.,SABA,Y,Bricanyl 250micrograms spacer inhaler,asthma_drug
c14j.,SABA,Y,Terbutaline sulph 500mcg breath-actuated dry powder inhaler,asthma_drug
c14f.,SABA,Y,Bricanyl 500micrograms Turbohaler,asthma_drug
c14w.,SABA,Y,Terbutaline sulphate 5mg/2mL nebulisation unit,asthma_drug
c147.,SABA,Y,Bricanyl 5mg/2mL Respule,asthma_drug
c14x.,SABA,Y,Terbutaline sulphate 100mg/10mL nebuliser solution,asthma_drug
c14i.,SABA,Y,Terbutaline sulphate 200mg/20mL nebuliser solution,asthma_drug
c14g.,SABA,Y,Terbutaline 500micrograms inhaler,asthma_drug
x01Cs,SABA,Y,Parenteral terbutaline,asthma_drug
c14s.,SABA,Y,Terbutaline sulphate 500micrograms/1mL injection,asthma_drug
c143.,SABA,Y,Bricanyl 500micrograms/1mL injection,asthma_drug
c14h.,SABA,Y,Terbutaline sulphate 2.5mg/5mL intravenous infusion,asthma_drug
c14e.,SABA,Y,Bricanyl 2.5mg/5mL intravenous infusion,asthma_drug
c14..,SABA,Y,Terbutaline sulphate [respiratoty use],asthma_drug
c14k.,SABA,Y,Bricanyl 200mg/20mL respirator solution,asthma_drug
c148.,SABA,Y,Bricanyl 100mg/10mL nebuliser solution,asthma_drug
x00Af,SABA,Y,Salbutamol product,asthma_drug
x05Fg,SABA,Y,Oral salbutamol preparations,asthma_drug
c11x.,SABA,Y,Salbutamol 2mg tablet,asthma_drug
c111.,SABA,Y,Asmaven 2mg tablet,asthma_drug
c113.,SABA,Y,Cobutolin 2mg tablet,asthma_drug
c115.,SABA,Y,Salbulin 2mg tablet,asthma_drug
c11e.,SABA,Y,Salbuvent 2mg tablet,asthma_drug
c118.,SABA,Y,Ventolin 2mg tablet,asthma_drug
c11v.,SABA,Y,Salbutamol 4mg tablet,asthma_drug
c112.,SABA,Y,Asmaven 4mg tablet,asthma_drug
c114.,SABA,Y,Cobutolin 4mg tablet,asthma_drug
c116.,SABA,Y,Salbulin 4mg tablet,asthma_drug
c11y.,SABA,Y,Salbutamol 8mg m/r tablet,asthma_drug
c11k.,SABA,Y,Ventolin CR 8mg m/r tablet,asthma_drug
c11a.,SABA,Y,Ventolin 8mg m/r tablet,asthma_drug
c11d.,SABA,Y,Volmax 8mg m/r tablet,asthma_drug
c11n.,SABA,Y,Salbutamol 4mg m/r capsule,asthma_drug
c11p.,SABA,Y,Ventmax SR 4mg m/r capsule,asthma_drug
c11o.,SABA,Y,Salbutamol 8mg m/r capsule,asthma_drug
c11q.,SABA,Y,Ventmax SR 8mg m/r capsule,asthma_drug
c11w.,SABA,Y,Salbutamol 2mg/2mL liquid,asthma_drug
c117.,SABA,Y,Salbulin 2mg/2mL liquid,asthma_drug
c11z.,SABA,Y,Salbutamol 2mg/5mL sugar free syrup,asthma_drug
c11m.,SABA,Y,Libetist 2mg/5mL sugar free syrup,asthma_drug
c11D.,SABA,Y,Salapin 2mg/5mL sugar free syrup,asthma_drug
c11g.,SABA,Y,Salbuvent 2mg/5mL syrup,asthma_drug
c11h.,SABA,Y,Salbuvent 2mg/5mL syrup 2litre,asthma_drug
c11b.,SABA,Y,Ventolin 2mg/5mL s/f syrup,asthma_drug
x05Fi,SABA,Y,Inhaled salbutamol preparations,asthma_drug
c13v.,SABA,Y,Salbutamol 100micrograms inhaler,asthma_drug
c13a.,SABA,Y,Aerolin-400 100micrograms inhaler,asthma_drug
c131.,SABA,Y,Asmaven 100micrograms inhaler,asthma_drug
c132.,SABA,Y,Cobutolin 100micrograms inhaler,asthma_drug
c13p.,SABA,Y,Maxivent 100micrograms inhaler,asthma_drug
c13H.,SABA,Y,Salamol 100micrograms inhaler,asthma_drug
c133.,SABA,Y,Salbulin 100micrograms inhaler,asthma_drug
c13h.,SABA,Y,Salbuvent 100micrograms inhaler,asthma_drug
c13i.,SABA,Y,Salbuvent Rondo 100micrograms inhaler,asthma_drug
c134.,SABA,Y,Ventolin 100micrograms inhaler,asthma_drug
c13J.,SABA,Y,Salbutamol 100micrograms CFC-free inhaler,asthma_drug
c13I.,SABA,Y,Airomir 100micrograms CFC-free inhaler,asthma_drug
c13Z.,SABA,Y,Salamol 100micrograms CFC-free inhaler,asthma_drug
c13Y.,SABA,Y,Salbulin 100micrograms CFC-free inhaler,asthma_drug
c13T.,SABA,Y,Ventolin 100micrograms Evohaler,asthma_drug
c13R.,SABA,Y,Salbutamol 100micrograms breath-actuated dry powder inhaler,asthma_drug
c1E7.,SABA,Y,Easyhaler Salbutamol 100mcg breath-actuated dry powder inh,asthma_drug
c13N.,SABA,Y,Salbutamol 100micrograms vortex metered dose inhaler,asthma_drug
c13P.,SABA,Y,Asmasal 100micrograms Spacehaler,asthma_drug
c13G.,SABA,Y,Salbutamol 100micrograms breath-actuated aerosol inhaler,asthma_drug
x00CE,SABA,Y,Aerolin 100micrograms Autohaler,asthma_drug
c13c.,SABA,Y,Aerolin Auto 100micrograms inhaler,asthma_drug
c13n.,SABA,Y,Aerolin 100micrograms Autohaler 100d,asthma_drug
c13K.,SABA,Y,Salamol Easi-Breathe 100mcg breath-actuated aerosol inhaler,asthma_drug
c13O.,SABA,Y,Ventolin Easi-Breathe 100microgram inhaler,asthma_drug
c13U.,SABA,Y,Salbutamol 100mcg CFC-free breath-actuated aerosol inhaler,asthma_drug
c13V.,SABA,Y,Airomir 100micrograms CFC-free Autohaler,asthma_drug
c1E1.,SABA,Y,Salamol Easi-Breathe 100mcg CFC-free breath-act aerosol inh,asthma_drug
c13S.,SABA,Y,Salbutamol 95micrograms breath-actuated dry powder inhaler,asthma_drug
c13Q.,SABA,Y,Asmasal 95micrograms Clickhaler,asthma_drug
c13L.,SABA,Y,Salbutamol 200micrograms breath-actuated dry powder inhaler,asthma_drug
c1E8.,SABA,Y,Easyhaler Salbutamol 200mcg breath-actuated dry powder inh,asthma_drug
c1E2.,SABA,Y,Pulvinal Salbutamol 200mcg breath-act dry powder inhaler,asthma_drug
c13M.,SABA,Y,Ventolin 200micrograms Accuhaler,asthma_drug
c13x.,SABA,Y,Salbutamol 200micrograms inhalation capsule,asthma_drug
c13q.,SABA,Y,Salbutamol 200 Cyclocap,asthma_drug
c136.,SABA,Y,Ventolin 200micrograms Rotacap,asthma_drug
c13y.,SABA,Y,Salbutamol 400micrograms inhalation capsule,asthma_drug
c13r.,SABA,Y,Salbutamol 400 Cyclocap,asthma_drug
c137.,SABA,Y,Ventolin 400micrograms Rotacap,asthma_drug
c13C.,SABA,Y,Salbutamol 200micrograms/blister disks+disk inhaler,asthma_drug
x025g,SABA,Y,Ventodisks 200micrograms/blister disks+diskhaler,asthma_drug
c13d.,SABA,Y,Ventodisks 200micrograms diskhaler 14x8,asthma_drug
c1E3.,SABA,Y,Ventodisks 200micrograms diskhaler 15x8,asthma_drug
c13D.,SABA,Y,Salbutamol 400micrograms/blister disks+disk inhaler,asthma_drug
x025h,SABA,Y,Ventodisks 400micrograms/blister disks+diskhaler,asthma_drug
c13e.,SABA,Y,Ventodisks 400micrograms diskhaler 14x8,asthma_drug
c1E4.,SABA,Y,Ventodisks 400micrograms diskhaler 15x8,asthma_drug
c13E.,SABA,Y,Salbutamol 200micrograms/blister disks refill,asthma_drug
x025i,SABA,Y,Ventodisks 200mcg/blister disks refill,asthma_drug
c13f.,SABA,Y,Ventodisks 200micrograms disk refill 14x8,asthma_drug
c1E5.,SABA,Y,Ventodisks 200micrograms disk refill 15x8,asthma_drug
c13F.,SABA,Y,Salbutamol 400micrograms/blister disks refill,asthma_drug
x025j,SABA,Y,Ventodisks 400mcg/blister disks refill,asthma_drug
c13g.,SABA,Y,Ventodisks 400micrograms disk refill 14x8,asthma_drug
c1E6.,SABA,Y,Ventodisks 400micrograms disk refill 15x8,asthma_drug
c13w.,SABA,Y,Salbutamol 2.5mg/2.5mL nebulisation unit,asthma_drug
c13W.,SABA,Y,Maxivent 2.5mg/2.5mL Steripoule,asthma_drug
c13A.,SABA,Y,Steri-Neb Salamol 2.5mg/2.5mL nebulisation unit,asthma_drug
c135.,SABA,Y,Ventolin 2.5mg/2.5mL Nebule,asthma_drug
c13o.,SABA,Y,Salbutamol 5mg/2.5mL nebulisation unit,asthma_drug
c13X.,SABA,Y,Maxivent 5mg/2.5mL Steripoule,asthma_drug
c13B.,SABA,Y,Steri-Neb Salamol 5mg/2.5mL nebulisation unit,asthma_drug
c13m.,SABA,Y,Ventolin 5mg/2.5mL Nebule,asthma_drug
c13z.,SABA,Y,Salbutamol 100mg/20mL nebuliser solution,asthma_drug
c139.,SABA,Y,Ventolin 100mg/20mL nebuliser solution,asthma_drug
c13j.,SABA,Y,Salbuvent 5mg/mL respirator solution,asthma_drug
x05Fh,SABA,Y,Parenteral salbutamol preparations,asthma_drug
c12x.,SABA,Y,Salbutamol 250micrograms/5mL injection,asthma_drug
c124.,SABA,Y,Salbuvent 250micrograms/5mL injection,asthma_drug
c121.,SABA,Y,Ventolin 250micrograms/5mL injection,asthma_drug
c12y.,SABA,Y,Salbutamol 500micrograms/1mL injection,asthma_drug
c125.,SABA,Y,Salbuvent 500micrograms/1mL injection,asthma_drug
c122.,SABA,Y,Ventolin 500micrograms/1mL injection,asthma_drug
c12z.,SABA,Y,Salbutamol 5mg/5mL intravenous infusion,asthma_drug
c126.,SABA,Y,Salbuvent 5mg/5mL intravenous infusion,asthma_drug
c123.,SABA,Y,Ventolin 5mg/5mL intravenous infusion,asthma_drug
c12w.,SABA,Y,Salbutamol 5mg/50mL injection,asthma_drug
c1E9.,SABA,Y,SALBULIN NOVOLIZER 100micrograms cartridge and inhaler,asthma_drug
c1EA.,SABA,Y,SALBUTAMOL 100micrograms dry powder cartridge and inhaler,asthma_drug
c1EB.,SABA,Y,SALBULIN NOVOLIZER 100micrograms dry powder cartridge refill,asthma_drug
c1EC.,SABA,Y,SALBUTAMOL 100micrograms dry powder cartridge refill,asthma_drug
c1ED.,SABA,Y,VENTOLIN 50mg/10mL respirator solution,asthma_drug
c1EE.,SABA,Y,SALBUTAMOL 50mg/10mL respirator solution,asthma_drug
c11..,SABA,Y,Salbutamol [oral preparations],asthma_drug
c11A.,SABA,Y,*VENTOLIN CR 4mg m/r tablets,asthma_drug
c11B.,SABA,Y,*SALBUTAMOL 4mg m/r tablets,asthma_drug
c11C.,SABA,Y,*VENTOLIN CR 8mg m/r tablets,asthma_drug
c13..,SABA,Y,Salbutamol [inhalation preparations],asthma_drug
c138.,SABA,Y,ROTAHALER DEVICE,asthma_drug
c13b.,SABA,Y,*ROTAHALER DEVICE,asthma_drug
c13s.,SABA,Y,Ventolin Rotahaler,asthma_drug
c12..,SABA,Y,Salbutamol [parenteral preparations],asthma_drug
c1E..,SABA,Y,Salbutamol [inhalation preparations 2],asthma_drug
c51H.,SABASAMA,Y,IPRATROPIUM BROMIDE+SALBUTAMOL 500mcg/2.5mg nebuliser soln,asthma_drug
c51B.,SABASAMA,Y,Fenoterol+ipratropium 100mcg/40mcg breath-act aerosl inhaler,asthma_drug
c51B.,SABASAMA,Y,Fenoterol+ipratropium 100mcg/40mcg breath-act aerosl inhaler,asthma_drug
c51x.,SABASAMA,Y,Duovent Autohaler,asthma_drug
c51x.,SABASAMA,Y,Duovent Autohaler,asthma_drug
x0100,SABASAMA,Y,Fenoterol+ipratropium 500micrograms/1.25mg nebulisation unit,asthma_drug
x00zz,SABASAMA,Y,Duovent UDV nebuliser solution,asthma_drug
c51v.,SABASAMA,Y,Duovent UDV nebuliser solution 4mL,asthma_drug
c51w.,SABASAMA,Y,Fenoterol hydrobr+ipratropium br 500mcg/1.25mg neb unit 4mL,asthma_drug
c51C.,SABASAMA,Y,Salbutamol+ipratropium 100micrograms/20micrograms inhaler,asthma_drug
c51C.,SABASAMA,Y,Salbutamol+ipratropium 100micrograms/20micrograms inhaler,asthma_drug
c51D.,SABASAMA,Y,Combivent inhaler,asthma_drug
c51D.,SABASAMA,Y,Combivent inhaler,asthma_drug
c51F.,SABASAMA,Y,Salbutamol+ipratropium 2.5mg/500mcg nebulisation unit,asthma_drug
c51E.,SABASAMA,Y,Combivent Unit Dose Vial,asthma_drug
c531.,SABASAMA,Y,IPRAMOL STERI-NEB 2.5mg/500micrograms nebuliser soln 2.5mL,asthma_drug
c51A.,SABASAMA,Y,Fenoterol+ipratropium 100micrograms/40micrograms inhaler,asthma_drug
c51A.,SABASAMA,Y,Fenoterol+ipratropium 100micrograms/40micrograms inhaler,asthma_drug
c51i.,SABASAMA,Y,Duovent inhaler,asthma_drug
c51i.,SABASAMA,Y,Duovent inhaler,asthma_drug
x01Db,SAMA,N,Ipratropium,asthma_drug
c31..,SAMA,Y,Ipratropium bromide product,asthma_drug
c31x.,SAMA,Y,Ipratropium bromide 20micrograms inhaler,asthma_drug
c311.,SAMA,Y,Atrovent 20micrograms inhaler,asthma_drug
c31z.,SAMA,Y,Ipratropium bromide 40micrograms inhaler,asthma_drug
c313.,SAMA,Y,Atrovent Forte 40micrograms inhaler,asthma_drug
c31t.,SAMA,Y,Ipratropium bromide 20micrograms CFC-free inhaler,asthma_drug
c31G.,SAMA,Y,Atrovent 20micrograms CFC-free inhaler,asthma_drug
c31u.,SAMA,Y,Ipratropium bromide 20mcg breath-actuated aerosol inhaler,asthma_drug
c315.,SAMA,Y,Atrovent 20micrograms Autohaler,asthma_drug
c31A.,SAMA,Y,Ipratropium bromide 40micrograms inhalation capsule,asthma_drug
c318.,SAMA,Y,Atrovent 40micrograms Aerocap,asthma_drug
c31B.,SAMA,Y,Ipratropium bromide 40micrograms capsule+inhaler device,asthma_drug
c319.,SAMA,Y,Atrovent 40micrograms Aerocap+Aerohaler device,asthma_drug
c31v.,SAMA,Y,Ipratropium bromide 250micrograms/1mL nebuliser solution,asthma_drug
c314.,SAMA,Y,Atrovent 250micrograms/1mL nebuliser solution unit dose vial,asthma_drug
c31C.,SAMA,Y,Respontin 250micrograms/1mL Nebule,asthma_drug
c316.,SAMA,Y,Steri-Neb Ipratropium 250micrograms/1mL nebulisation unit,asthma_drug
c31E.,SAMA,Y,Tropiovent 250micrograms/1mL Steripoule,asthma_drug
c31w.,SAMA,Y,Ipratropium bromide 500micrograms/2mL nebuliser solution,asthma_drug
c312.,SAMA,Y,Atrovent 500micrograms/2mL nebuliser solution unit dose vial,asthma_drug
c31D.,SAMA,Y,Respontin 500micrograms/2mL Nebule,asthma_drug
c317.,SAMA,Y,Steri-Neb Ipratropium 500micrograms/2mL nebulisation unit,asthma_drug
c31F.,SAMA,Y,Tropiovent 500micrograms/2mL Steripoule,asthma_drug
c31y.,SAMA,Y,IPRATROPIUM 250micrograms/mL nebuliser solution,asthma_drug
l86..,SAMA,N,IPRATROPIUM BROMIDE [2],asthma_drug
c51G.,SABASAMA,Y,SALIPRANEB nebuliser solution 2.5mL,asthma_drug
c119.,SABA,Y,*VENTOLIN 4mg tablets,asthma_drug
c11c.,SABA,Y,*VOLMAX 4mg m/r tablets,asthma_drug
c11f.,SABA,Y,*SALBUVENT 4mg tablets,asthma_drug
c11i.,SABA,Y,*VENTOLIN CR 4mg m/r tablets,asthma_drug
c11j.,SABA,Y,*SALBUTAMOL 4mg m/r tablets,asthma_drug
c13k.,SABA,Y,*SALBUVENT RONDO spacer x1,asthma_drug
c13l.,SABA,Y,AEROLIN 100micrograms Autohaler 200d,asthma_drug
c15..,SABA,Y,FENOTEROL HYDROBROMIDE,asthma_drug
c151.,SABA,Y,*BEROTEC 200micrograms inhaler,asthma_drug
c152.,SABA,Y,BEROTEC 100mg/20mL respirator solution,asthma_drug
c153.,SABA,Y,*BEROTEC 100micrograms inhaler,asthma_drug
c154.,SABA,Y,FENOTEROL 100micrograms inhaler,asthma_drug
c15y.,SABA,Y,FENOTEROL 200micrograms inhaler,asthma_drug
c15z.,SABA,Y,FENOTEROL 100mg/20mL respirator solution,asthma_drug
c1B..,LABA,Y,BAMBUTEROL HYDROCHLORIDE,asthma_drug
c1B1.,LABA,Y,BAMBEC 10mg tablets,asthma_drug
c1B2.,LABA,Y,BAMBEC 20mg tablets,asthma_drug
c1B3.,LABA,Y,BAMBUTEROL HYDROCHLORIDE 10mg tablets,asthma_drug
c1B4.,LABA,Y,BAMBUTEROL HYDROCHLORIDE 20mg tablets,asthma_drug
c1D7.,ICSLABA,Y,SIRDUPLA 25micrograms/125micrograms inhaler,asthma_drug
c1D8.,ICSLABA,Y,SIRDUPLA 25micrograms/250micrograms inhaler,asthma_drug
c25..,SABA,Y,ORCIPRENALINE SULFATE [RESPIRATORY USE],asthma_drug
c251.,SABA,Y,*ALUPENT 20mg tablets,asthma_drug
c252.,SABA,Y,*ALUPENT 10mg/5mL syrup,asthma_drug
c253.,SABA,Y,ALUPENT 500microgram/1mL injection,asthma_drug
c254.,SABA,Y,*ALUPENT 750micrograms inhaler,asthma_drug
c255.,SABA,Y,ALUPENT 750micrograms inhaler refill,asthma_drug
c25v.,SABA,Y,*ORCIPRENALINE 20mg tablets,asthma_drug
c25w.,SABA,Y,*ORCIPRENALINE 10mg/5mL syrup,asthma_drug
c25x.,SABA,Y,ORCIPRENALINE 500microgram/1mL injection,asthma_drug
c25y.,SABA,Y,ORCIPRENALINE 750micrograms inhaler,asthma_drug
c25z.,SABA,Y,ORCIPRENALINE 750micrograms inhaler refill,asthma_drug
c33..,LAMA,Y,TIOTROPIUM,asthma_drug
c331.,LAMA,Y,TIOTROPIUM 18micrograms inhalation capsules,asthma_drug
c332.,LAMA,Y,TIOTROPIUM 18micrograms capsules with inhaler device,asthma_drug
c333.,LAMA,Y,TIOTROPIUM 2.5micrograms inhalation cartridges with inhaler device,asthma_drug
c33x.,LAMA,Y,SPIRIVA RESPIMAT 2.5micrograms inhalation cartridges with Respimat inhaler device,asthma_drug
c33y.,LAMA,Y,SPIRIVA COMBOPACK 18micrograms capsules with HandiHaler inhaler device,asthma_drug
c33z.,LAMA,Y,SPIRIVA 18micrograms inhalation capsules,asthma_drug
c34..,LAMA,Y,ACLIDINIUM,asthma_drug
c341.,LAMA,Y,EKLIRA GENUAIR 322micrograms/dose dry powder inhaler,asthma_drug
c342.,LAMA,Y,ACLIDINIUM 322micrograms/dose dry powder inhaler,asthma_drug
c35..,LAMA,Y,UMECLIDINIUM,asthma_drug
c351.,LAMA,Y,INCRUSE ELLIPTA 55micrograms/dose dry powder inhaler,asthma_drug
c352.,LAMA,Y,UMECLIDINIUM 55micrograms/dose dry powder inhaler,asthma_drug
c512.,SABA,Y,ALUPENT EXPECTORANT 20mg tablets,asthma_drug
c513.,SABA,Y,*ALUPENT EXPECTORANT mixture,asthma_drug
c516.,SABA,Y,*BRICANYL COMPOUND tablets,asthma_drug
c517.,SABA,Y,*BRICANYL EXPECTORANT elixir,asthma_drug
c51I.,LABALAMA,Y,ANORO ELLIPTA 55micrograms/22micrograms dry powder inhaler,asthma_drug
c51J.,LABALAMA,Y,UMECLIDINIUM+VILANTEROL 55mcg/22mcg dry powder inhaler,asthma_drug
c51K.,LABALAMA,Y,DUAKLIR GENUAIR 340micrograms/12micrograms powder inhaler,asthma_drug
c51L.,LABALAMA,Y,ACLIDINIUM+FORMOTEROL FUMARATE DIHYD 340mcg/12mcg pdr inh,asthma_drug
c51m.,LABA,Y,*NETHAPRIN DOSPAN m/r tablets,asthma_drug
c51q.,methylxanthine,Y,*TAUMASTHMAN tablets,asthma_drug
c51r.,methylxanthine,Y,*TEDRAL tablets,asthma_drug
c51s.,methylxanthine,Y,*TEDRAL elixir,asthma_drug
c51t.,methylxanthine,Y,*FRANOL NEW 11mg/120mg tablets,asthma_drug
c51u.,methylxanthine,Y,FRANOL PLUS NEW 15mg/120mg tablets,asthma_drug
c621.,ICS,Y,*VENTIDE inhaler,asthma_drug
c621.,SABA,Y,*VENTIDE inhaler,asthma_drug
c622.,SABA,Y,*VENTIDE Rotacaps,asthma_drug
c623.,SABA,Y,*VENTIDE paediatric Rotacaps,asthma_drug
c624.,ICSSABA,Y,*VENTIDE Rotahaler device,asthma_drug
c63..,ICS,Y,*BETAMETHASONE VALERATE,asthma_drug
c631.,ICS,Y,*BEXTASOL 100microgram inhaler,asthma_drug
c63z.,ICS,Y,BETAMETHASONE 100micrograms inhaler,asthma_drug
c68..,ICS,Y,MOMETASONE [RESPIRATORY USE],asthma_drug
c69..,ICS,Y,CICLESONIDE,asthma_drug
c6A3.,ICSSABA,Y,FOSTAIR 200micrograms/6micrograms inhaler,asthma_drug
c6A4.,ICSSABA,Y,FOSTAIR NEXTHALER 200micrograms/6micrograms powder inhaler,asthma_drug
c6Aw.,ICSLABA,Y,BECLOMET DIPROP+FORMOTERL FUMARATE DIHYD 200mcg/6mcg pdr inh,asthma_drug
c6Ax.,ICSLABA,Y,BECLOMET DIPROP+FORMOTERL FUMARATE DIHYD 200mcg/6mcg inhaler,asthma_drug
c722.,SABA,Y,*AEROCROM inhaler,asthma_drug
c72y.,SABA,Y,SODIUM CROMOGLICATE+SALBUTAMOL 1mg/100micrograms inhaler + spacer device,asthma_drug
c72z.,SABA,Y,SODIUM CROMOGLICATE+SALBUTAMOL 1mg/100micrograms inhaler,asthma_drug
c75..,biologic,Y,MEPOLIZUMAB,asthma_drug
c751.,biologic,Y,NUCALA 100mg powder for solution for injection,asthma_drug
c752.,biologic,Y,MEPOLIZUMAB 100mg powder for solution for injection,asthma_drug
c62x.,ICSSABA,Y,Beclomethasone dipropionate+salbutamol 200micrograms/400micrograms inhalation capsule,asthma_drug
c62y.,ICSSABA,Y,Beclomethasone dipropionate+salbutamol 100micrograms/200micrograms paediatric inhalation capsule,asthma_drug
c62z.,ICSSABA,Y,Beclomethasone dipropionate+salbutamol 50micrograms/100micrograms inhaler,asthma_drug
g22..,SABA,Y,Orciprenaline sulphate [obstetric use],asthma_drug
g221.,SABA,Y,Alupent 5mg/10mL injection,asthma_drug
g22z.,SABA,Y,Orciprenaline 5mg/10mL injection,asthma_drug
g24..,SABA,Y,Salbutamol [obstetric],asthma_drug
g25..,SABA,Y,Terbutaline sulphate [myometrial relaxant],asthma_drug
x0019,ICSSABA,Y,Beclometasone dipropionate+salbutamol,asthma_drug
x00Aw,SABA,Y,Sodium cromoglicate+salbutamol,asthma_drug
x00zA,ICS,Y,Respiratory beclomethasone,asthma_drug
x01Ck,LABA,Y,Bambuterol,asthma_drug
x01Cl,SABA,Y,Fenoterol,asthma_drug
x01Cm,SABA,Y,Orciprenaline,asthma_drug
x01NO,ICS,Y,Respiratory fluticasone,asthma_drug
x05kq,ICS,Y,Respiratory mometasone,asthma_drug
c1D9.,ICSLABA,Y,AIRFLUSAL FORSPIRO 50micrograms/500micrograms pdr inhaler,asthma_drug
c61C.,spacer,Y,Beclomethasone dipropionate 250mcg inh+spacer(large volume),asthma_drug
c61g.,spacer,Y,Becloforte VM 250micrograms inhaler+spacer(large volume),asthma_drug
c61Q.,spacer,Y,Becloforte Integra 250micrograms inhaler+compact spacer,asthma_drug
c61S.,spacer,Y,Beclomethasone dipropionate 250mcg inh+compact spacer,asthma_drug
c61T.,spacer,Y,Beclomethasone dipropionate 250mcg compact spacer refill,asthma_drug
c64B.,spacer,Y,BUDESONIDE 50micrograms spacer inhaler,asthma_drug
c64C.,spacer,Y,PULMICORT 200micrograms spacer inhaler,asthma_drug
c64D.,spacer,Y,PULMICORT LS 50micrograms spacer inhaler,asthma_drug
c64o.,spacer,Y,Budesonide 200micrograms inhaler with spacer device,asthma_drug
c64z.,spacer,Y,BUDESONIDE 200micrograms spacer inhaler,asthma_drug
c14v.,spacer,Y,Terbutaline sulphate 250micrograms spacer inhaler,asthma_drug
c146.,spacer,Y,Bricanyl 250micrograms spacer inhaler,asthma_drug
c13k.,spacer,Y,*SALBUVENT RONDO spacer x1,asthma_drug
c14d.,spacer,Y,*NEBUHALER spacer device,asthma_drug
c618.,spacer,Y,*VOLUMATIC spacer device,asthma_drug
c646.,spacer,Y,*NEBUHALER spacer device,asthma_drug
c71d.,spacer,Y,INTAL FISONAIR 5mg inhaler + spacer device,asthma_drug
c71e.,spacer,Y,SODIUM CROMOGLICATE 5mg inhaler + spacer device,asthma_drug
c71g.,spacer,Y,INTAL SYNCRONER 5mg inhaler + spacer device 2x112dose,asthma_drug
c723.,spacer,Y,AEROCROM SYNCRONER inhaler + spacer device,asthma_drug
c72y.,spacer,Y,SODIUM CROMOGLICATE+SALBUTAMOL 1mg/100micrograms inhaler + spacer device,asthma_drug
c745.,spacer,Y,NEDOCROMIL SODIUM 2mg inhaler + spacer,asthma_drug
x01EG,spacer,Y,Intal Syncroner inhaler+spacer,asthma_drug
