Comedication,Read code,Term,QOF
beta-blocker,bc7..,practolol [antiarrhythmic],N
beta-blocker,bc71.,eraldin 10mg/5ml injection,N
beta-blocker,bc7z.,practolol 10mg/5ml injection,N
beta-blocker,bd...,beta-adrenoceptor blockers,N
beta-blocker,bd1..,propranolol hydrochloride,N
beta-blocker,bd11.,propranolol 10mg tablets,N
beta-blocker,bd12.,propranolol 40mg tablets,N
beta-blocker,bd13.,propranolol 80mg tablets,N
beta-blocker,bd14.,propranolol 160mg tablets,N
beta-blocker,bd15.,angilol 10mg tablets,N
beta-blocker,bd16.,angilol 40mg tablets,N
beta-blocker,bd17.,angilol 80mg tablets,N
beta-blocker,bd18.,angilol 160mg tablets,N
beta-blocker,bd19.,apsolol 10mg tablets,N
beta-blocker,bd1a.,apsolol 40mg tablets,N
beta-blocker,bd1A.,propanix 10mg tablets,N
beta-blocker,bd1b.,apsolol 80mg tablets,N
beta-blocker,bd1B.,propanix 40mg tablets,N
beta-blocker,bd1c.,apsolol 160mg tablets,N
beta-blocker,bd1C.,propanix 80mg tablets,N
beta-blocker,bd1d.,bedranol 10mg tablets,N
beta-blocker,bd1D.,propanix 160mg tablets,N
beta-blocker,bd1e.,bedranol 40mg tablets,N
beta-blocker,bd1E.,propanix sr 160mg m/r capsules,N
beta-blocker,bd1f.,bedranol 80mg tablets,N
beta-blocker,bd1F.,betadur cr 160mg m/r tablets,N
beta-blocker,bd1g.,bedranol sr 160mg m/r capsules,N
beta-blocker,bd1G.,beta-prograne 160mg m/r capsules,N
beta-blocker,bd1h.,berkolol 10mg tablets,N
beta-blocker,bd1H.,propranolol 1mg/1ml injection,N
beta-blocker,bd1i.,berkolol 40mg tablets,N
beta-blocker,bd1I.,propranolol 5mg/5ml syrup,N
beta-blocker,bd1j.,berkolol 80mg tablets,N
beta-blocker,bd1J.,propranolol 50mg/5ml syrup,N
beta-blocker,bd1k.,berkolol 160mg tablets,N
beta-blocker,bd1K.,half-betadur cr 80mg m/r capsules,N
beta-blocker,bd1l.,half-inderal la 80mg m/r capsules,N
beta-blocker,bd1L.,half beta-prograne 80mg m/r capsules,N
beta-blocker,bd1m.,inderal 10mg tablets,N
beta-blocker,bd1M.,sloprolol 80mg m/r capsules,N
beta-blocker,bd1n.,inderal 40mg tablets,N
beta-blocker,bd1N.,probeta la 160mg m/r capsules,N
beta-blocker,bd1o.,inderal 80mg tablets,N
beta-blocker,bd1O.,lopranol la 160mg m/r capsules,N
beta-blocker,bd1p.,inderal 160mg tablets,N
beta-blocker,bd1P.,propranolol hydrochloride 10mg/5ml syrup,N
beta-blocker,bd1q.,inderal 1mg/1ml injection,N
beta-blocker,bd1Q.,propranolol hydrochloride 40mg/5ml syrup,N
beta-blocker,bd1r.,inderal-la 160mg m/r capsules,N
beta-blocker,bd1R.,propranolol hydrochloride 80mg/5ml syrup,N
beta-blocker,bd1s.,sloprolol 160mg m/r capsules,N
beta-blocker,bd1S.,half propanix la 80mg m/r capsules,N
beta-blocker,bd1t.,cardinol 10mg tablets,N
beta-blocker,bd1T.,propanix la 160mg m/r capsules,N
beta-blocker,bd1u.,cardinol 40mg tablets,N
beta-blocker,bd1U.,half propatard la 80mg m/r capsules,N
beta-blocker,bd1v.,cardinol 80mg tablets,N
beta-blocker,bd1V.,propatard la 160mg m/r capsules,N
beta-blocker,bd1w.,cardinol 160mg tablets,N
beta-blocker,bd1W.,propranolol hydrochloride 5mg/5ml sugar free oral solution,N
beta-blocker,bd1x.,propranolol 160mg m/r capsules,N
beta-blocker,bd1X.,propranolol hydrochloride 10mg/5ml sugar free oral solution,N
beta-blocker,bd1y.,propranolol 80mg m/r capsules,N
beta-blocker,bd1Y.,propranolol hydrochloride 50mg/5ml sugar free oral solution,N
beta-blocker,bd1z.,syprol 10mg/5ml oral solution,N
beta-blocker,bd1Z.,syprol 5mg/5ml oral solution,N
beta-blocker,bd2..,acebutolol,N
beta-blocker,bd21.,sectral 100mg capsules,N
beta-blocker,bd22.,sectral 200mg capsules,N
beta-blocker,bd23.,sectral 400mg tablets,N
beta-blocker,bd24.,sectral 10mg/2ml injection,N
beta-blocker,bd2w.,acebutolol 100mg capsules,N
beta-blocker,bd2x.,acebutolol 200mg capsules,N
beta-blocker,bd2y.,acebutolol 400mg tablets,N
beta-blocker,bd2z.,acebutolol 10mg/2ml injection,N
beta-blocker,bd3..,atenolol,N
beta-blocker,bd31.,tenormin 100mg tablets,N
beta-blocker,bd32.,tenormin 25mg/5ml syrup,N
beta-blocker,bd33.,tenormin 5mg/10ml injection,N
beta-blocker,bd34.,tenormin ls 50mg tablets,N
beta-blocker,bd35.,atenolol 50mg tablets,N
beta-blocker,bd36.,atenolol 100mg tablets,N
beta-blocker,bd37.,tenormin ccu pack,N
beta-blocker,bd38.,beta-adalat 50/20mg capsules,N
beta-blocker,bd39.,tenif 50/20mg capsules,N
beta-blocker,bd3a.,antipressan 50mg tablets,N
beta-blocker,bd3b.,antipressan 100mg tablets,N
beta-blocker,bd3c.,tenormin 25 tablets,N
beta-blocker,bd3d.,vasaten 50mg tablets,N
beta-blocker,bd3e.,vasaten 100mg tablets,N
beta-blocker,bd3f.,atenix 50mg tablets,N
beta-blocker,bd3g.,atenix 100mg tablets,N
beta-blocker,bd3h.,totamol 50mg tablets,N
beta-blocker,bd3i.,totamol 100mg tablets,N
beta-blocker,bd3j.,atenolol 25mg tablets,N
beta-blocker,bd3k.,totamol 25mg tablets,N
beta-blocker,bd3l.,antipressan 25mg tablets,N
beta-blocker,bd3x.,atenolol 25mg/5ml syrup,N
beta-blocker,bd3y.,atenolol 5mg/10ml injection,N
beta-blocker,bd3z.,atenix 25mg tablets,N
beta-blocker,bd4..,betaxolol hcl [b-blocker],N
beta-blocker,bd41.,kerlone 20mg tablets,N
beta-blocker,bd4z.,betaxolol hydrochloride 20mg tablets,N
beta-blocker,bd5..,labetalol hydrochloride,N
beta-blocker,bd51.,labetalol 100mg tablets,N
beta-blocker,bd52.,labetalol 200mg tablets,N
beta-blocker,bd53.,labetalol 400mg tablets,N
beta-blocker,bd54.,labrocol 100mg tablets,N
beta-blocker,bd55.,labrocol 200mg tablets,N
beta-blocker,bd56.,labrocol 400mg tablets,N
beta-blocker,bd57.,trandate 50mg tablets,N
beta-blocker,bd58.,trandate 100mg tablets,N
beta-blocker,bd59.,trandate 200mg tablets,N
beta-blocker,bd5a.,trandate 400mg tablets,N
beta-blocker,bd5b.,trandate 100mg/20ml injection,N
beta-blocker,bd5c.,labetalol hydrochloride 50mg/10ml prefilled syringe,N
beta-blocker,bd5t.,labetalol 100mg tablets,N
beta-blocker,bd5u.,labetalol 200mg tablets,N
beta-blocker,bd5v.,labetalol 50mg tablets,N
beta-blocker,bd5w.,labetalol 100mg tablets,N
beta-blocker,bd5x.,labetalol 200mg tablets,N
beta-blocker,bd5y.,labetalol 400mg tablets,N
beta-blocker,bd5z.,labetalol 100mg/20ml injection,N
beta-blocker,bd6..,metoprolol tartrate,N
beta-blocker,bd61.,betaloc 50mg tablets,N
beta-blocker,bd62.,betaloc 100mg tablets,N
beta-blocker,bd63.,betaloc 5mg/5ml injection,N
beta-blocker,bd64.,betaloc-sa durules 200mg m/r tablets,N
beta-blocker,bd65.,lopresor 50mg tablets,N
beta-blocker,bd66.,lopresor 100mg tablets,N
beta-blocker,bd67.,mepranix 50mg tablets,N
beta-blocker,bd68.,mepranix 100mg tablets,N
beta-blocker,bd6a.,lopresor 5mg/5ml injection,N
beta-blocker,bd6b.,lopresor sr 200mg m/r tablets,N
beta-blocker,bd6c.,arbralene 50mg tablets,N
beta-blocker,bd6d.,arbralene 100mg tablets,N
beta-blocker,bd6e.,tensomex 100mg tablets,N
beta-blocker,bd6w.,metoprolol 100mg tablets,N
beta-blocker,bd6x.,metoprolol 50mg tablets,N
beta-blocker,bd6y.,metoprolol 5mg/5ml injection,N
beta-blocker,bd6z.,metoprolol 200mg m/r tablets,N
beta-blocker,bd7..,nadolol,N
beta-blocker,bd71.,corgard 40mg tablets,N
beta-blocker,bd72.,corgard 80mg tablets,N
beta-blocker,bd7y.,nadolol 40mg tablets,N
beta-blocker,bd7z.,nadolol 80mg tablets,N
beta-blocker,bd8..,oxprenolol hydrochloride,N
beta-blocker,bd81.,oxprenolol 20mg tablets,N
beta-blocker,bd82.,oxprenolol 40mg tablets,N
beta-blocker,bd83.,oxprenolol 80mg tablets,N
beta-blocker,bd84.,oxprenolol 160mg tablets,N
beta-blocker,bd85.,apsolox 20mg tablets,N
beta-blocker,bd86.,apsolox 40mg tablets,N
beta-blocker,bd87.,apsolox 80mg tablets,N
beta-blocker,bd88.,apsolox 160mg tablets,N
beta-blocker,bd89.,laracor 20mg tablets,N
beta-blocker,bd8a.,laracor 40mg tablets,N
beta-blocker,bd8b.,laracor 80mg tablets,N
beta-blocker,bd8c.,laracor 160mg tablets,N
beta-blocker,bd8d.,slow-pren 160mg m/r tablets,N
beta-blocker,bd8e.,slow-trasicor 160mg m/r tablets,N
beta-blocker,bd8f.,trasicor 20mg tablets,N
beta-blocker,bd8g.,trasicor 40mg tablets,N
beta-blocker,bd8h.,trasicor 80mg tablets,N
beta-blocker,bd8i.,trasicor 160mg tablets,N
beta-blocker,bd8j.,trasicor 2mg injection,N
beta-blocker,bd8k.,paritane 20mg tablets,N
beta-blocker,bd8l.,paritane 40mg tablets,N
beta-blocker,bd8m.,paritane 80mg tablets,N
beta-blocker,bd8n.,paritane 160mg tablets,N
beta-blocker,bd8o.,oxyprenix 160mg m/r tablets,N
beta-blocker,bd8u.,oxprenolol 160mg m/r tablets,N
beta-blocker,bd9..,penbutolol sulphate[ingredient],N
beta-blocker,bda..,pindolol,N
beta-blocker,bda1.,visken 5mg tablets,N
beta-blocker,bda2.,visken 15mg tablets,N
beta-blocker,bda3.,betadren 5mg tablets,N
beta-blocker,bda4.,betadren 15mg tablets,N
beta-blocker,bday.,pindolol 5mg tablets,N
beta-blocker,bdaz.,pindolol 15mg tablets,N
beta-blocker,bdb..,practolol [b-blocker],N
beta-blocker,bdc..,sotalol hydrochloride,N
beta-blocker,bdc1.,beta-cardone 40mg tablets,N
beta-blocker,bdc2.,beta-cardone 80mg tablets,N
beta-blocker,bdc3.,beta-cardone 200mg tablets,N
beta-blocker,bdc4.,sotacor 80mg tablets,N
beta-blocker,bdc5.,sotacor 160mg tablets,N
beta-blocker,bdc6.,sotacor 10mg/5ml injection,N
beta-blocker,bdc7.,sotacor 100mg/10ml injection,N
beta-blocker,bdc8.,sotacor 40mg/4ml injection,N
beta-blocker,bdcs.,sotalol 40mg/4ml injection,N
beta-blocker,bdcu.,sotalol 40mg tablets,N
beta-blocker,bdcv.,sotalol 80mg tablets,N
beta-blocker,bdcw.,sotalol 200mg tablets,N
beta-blocker,bdcx.,sotalol 160mg tablets,N
beta-blocker,bdcy.,sotalol 10mg/5ml injection,N
beta-blocker,bdcz.,sotalol 100mg/10ml injection,N
beta-blocker,bdd..,timolol maleate [b-blocker],N
beta-blocker,bdd1.,betim 10mg tablets,N
beta-blocker,bdd2.,blocadren 10mg tablets,N
beta-blocker,bddz.,timolol 10mg tablets,N
beta-blocker,bde..,compound beta-blockers,N
beta-blocker,bde1.,co-betaloc tablets,N
beta-blocker,bde2.,co-betaloc sa m/r tablets,N
beta-blocker,bde3.,corgaretic-40 tablets,N
beta-blocker,bde4.,corgaretic-80 tablets,N
beta-blocker,bde5.,inderetic capsules,N
beta-blocker,bde6.,inderex m/r capsules,N
beta-blocker,bde7.,kalten capsules,N
beta-blocker,bde8.,lasipressin tablets,N
beta-blocker,bde9.,lopresoretic tablets,N
beta-blocker,bdea.,moducren tablets,N
beta-blocker,bdeA.,metoprolol tart+hydrochlorothiazide 100mg/12.5mg tablets,N
beta-blocker,bdeb.,prestim tablets,N
beta-blocker,bdeB.,metoprolol tart+hydrochlorothiazide 200mg/25mg m/r tablets,N
beta-blocker,bdec.,prestim forte tablets,N
beta-blocker,bdeC.,metoprolol tart+chlorthalidone 100mg/12.5mg tablets,N
beta-blocker,bded.,secadrex tablets,N
beta-blocker,bdeD.,nadolol+bendroflumethiazide 40mg/5mg tablets,N
beta-blocker,bdee.,sotazide tablets,N
beta-blocker,bdeE.,nadolol+bendrofluazide 80mg/5mg tablets,N
beta-blocker,bdef.,spiroprop tablets,N
beta-blocker,bdeF.,penbutolol sulphate+frusemide 40mg/20mg tablets,N
beta-blocker,bdeg.,tenoret-50 tablets,N
beta-blocker,bdeG.,pindolol+clopamide 10mg/5mg tablets,N
beta-blocker,bdeh.,tenoretic tablets,N
beta-blocker,bdeH.,sotalol hcl+hydrochlorothiazide 160mg/25mg tablets,N
beta-blocker,bdei.,tolerzide tablets,N
beta-blocker,bdej.,trasidrex tablets,N
beta-blocker,bdeJ.,sotalol hcl+hydrochlorothiazide 80mg/12.5mg tablets,N
beta-blocker,bdek.,viskaldix tablets,N
beta-blocker,bdeK.,timolol maleate+co-amilozide 10mg/2.5mg/25mg tablets,N
beta-blocker,bdel.,co-prenozide tablets,N
beta-blocker,bdeL.,timolol maleate+bendroflumethiazide 10mg/2.5mg tablets,N
beta-blocker,bdem.,co-tenidone 50/12.5mg tablets,N
beta-blocker,bdeM.,timolol maleate+bendrofluazide 20mg/5mg tablets,N
beta-blocker,bden.,co-tenidone 100/25mg tablets,N
beta-blocker,bdeN.,totaretic 50mg/12.5mg tablets,N
beta-blocker,bdeo.,atenixco 50/12.5mg tablets,N
beta-blocker,bdeO.,totaretic 100mg/25mg tablets,N
beta-blocker,bdep.,atenixco 100/25mg tablets,N
beta-blocker,bdeP.,atenolol+bendrofluazide 25mg/1.25mg capsules,N
beta-blocker,bdeq.,tenchlor 50/12.5mg tablets,N
beta-blocker,bdeQ.,tenben capsules,N
beta-blocker,bder.,tenchlor 100/25mg tablets,N
beta-blocker,bdeR.,combitens m/r capsules,N
beta-blocker,bdes.,beta-adalat 50/20mg capsules,N
beta-blocker,bdet.,tenif 50/20mg capsules,N
beta-blocker,bdeu.,co-prenozide 160/0.25mg m/r tablets,N
beta-blocker,bdev.,propranolol hcl+bendrofluazide 80mg/2.5mg capsules,N
beta-blocker,bdew.,propranolol hcl+bendrofluazide 160mg/5mg m/r capsules,N
beta-blocker,bdex.,acebutolol+hydrochlorothiazide 200mg/12.5mg tablets,N
beta-blocker,bdey.,atenolol+co-amilozide 50mg/2.5mg/25mg capsules,N
beta-blocker,bdez.,atenolol+nifedipine 50mg/20mg m/r capsules,N
beta-blocker,bdf..,bisoprolol fumarate,Y
beta-blocker,bdf1.,bisoprolol fumarate 5mg tablets,Y
beta-blocker,bdf2.,bisoprolol fumarate 10mg tablets,Y
beta-blocker,bdf3.,monocor 5mg tablets,Y
beta-blocker,bdf4.,monocor 10mg tablets,Y
beta-blocker,bdf5.,emcor ls 5mg tablets,Y
beta-blocker,bdf6.,emcor 10mg tablets,Y
beta-blocker,bdf8.,bisoprolol fumarate+hydrochlorothiazide 10mg/6.25mg tablets,Y
beta-blocker,bdf9.,cardicor 1.25mg tablets,Y
beta-blocker,bdfA.,cardicor 2.5mg tablets,Y
beta-blocker,bdfB.,cardicor 3.75mg tablets,Y
beta-blocker,bdfC.,cardicor 5mg tablets,Y
beta-blocker,bdfD.,cardicor 7.5mg tablets,Y
beta-blocker,bdfE.,cardicor 10mg tablets,Y
beta-blocker,bdfF.,bipranix 5mg tablets,Y
beta-blocker,bdfG.,bipranix 10mg tablets,Y
beta-blocker,bdfH.,soloc 5mg tablets,Y
beta-blocker,bdfI.,soloc 10mg tablets,Y
beta-blocker,bdfJ.,vivacor 10mg tablets,Y
beta-blocker,bdfK.,vivacor 5mg tablets,Y
beta-blocker,bdfL.,congescor 1.25mg tablets,Y
beta-blocker,bdfM.,congescor 2.5mg tablets,Y
beta-blocker,bdfw.,bisoprolol fumarate 1.25mg tablets,Y
beta-blocker,bdfx.,bisoprolol fumarate 2.5mg tablets,Y
beta-blocker,bdfy.,bisoprolol fumarate 3.75mg tablets,Y
beta-blocker,bdfz.,bisoprolol fumarate 7.5mg tablets,Y
beta-blocker,bdg..,xamoterol fumarate,N
beta-blocker,bdg1.,xamoterol 200mg tablets,N
beta-blocker,bdg2.,corwin 200mg tablets,N
beta-blocker,bdh..,metoprolol fumarate,N
beta-blocker,bdh1.,metoprolol fumarate 190mg tablets,N
beta-blocker,bdh2.,metoprolol fumarate 95mg tablets,N
beta-blocker,bdh3.,metoros 190mg tablets,N
beta-blocker,bdh4.,metoros 95mg tablets,N
beta-blocker,bdi..,carteolol hydrochloride,N
beta-blocker,bdi1.,carteolol 10mg tablets,N
beta-blocker,bdi2.,cartrol 10mg tablets,N
beta-blocker,bdj..,celiprolol hydrochloride,N
beta-blocker,bdj1.,celiprolol 200mg tablets,N
beta-blocker,bdj2.,celectol 200mg tablets 28-cp,N
beta-blocker,bdj3.,celectol 200mg tablets,N
beta-blocker,bdj4.,celiprolol 400mg tablets,N
beta-blocker,bdj5.,celectol 400mg tablets,N
beta-blocker,bdk..,esmolol hydrochloride,N
beta-blocker,bdk1.,esmolol hcl 2.5g/10ml injection,N
beta-blocker,bdk2.,esmolol hcl 100mg/10ml injection,N
beta-blocker,bdk3.,brevibloc concentrate 2.5g/10ml injection,N
beta-blocker,bdk4.,brevibloc 100mg/10ml injection,N
beta-blocker,bdk5.,esmolol hydrochloride 10mg/ml infusion solution,N
beta-blocker,bdk6.,brevibloc 10mg/ml infusion solution,N
beta-blocker,bdl..,carvedilol,Y
beta-blocker,bdl1.,eucardic 12.5 tablets,Y
beta-blocker,bdl2.,eucardic 25 tablets,Y
beta-blocker,bdl3.,carvedilol 12.5mg tablets,Y
beta-blocker,bdl4.,carvedilol 25mg tablets,Y
beta-blocker,bdl5.,carvedilol 3.125mg tablets,Y
beta-blocker,bdl6.,carvedilol 6.25mg tablets,Y
beta-blocker,bdl7.,eucardic 3.125 tablets,Y
beta-blocker,bdl8.,eucardic 6.25 tablets,Y
beta-blocker,bdm..,nebivolol,Y
beta-blocker,bdm1.,nebilet 5mg tablets,Y
beta-blocker,bdm2.,hypoloc 5mg tablets,Y
beta-blocker,bdmy.,nebivolol 2.5mg tablets,Y
beta-blocker,bdmz.,nebivolol 5mg tablets,Y
beta-blocker,bdn..,propranolol hydrochloride [2],N
beta-blocker,bdn1.,syprol 50mg/5ml oral solution,N
beta-blocker,bdn2.,bedranol sr 80mg m/r capsules,N
beta-blocker,bdn3.,rapranol sr 80mg m/r capsules,N
beta-blocker,bdn4.,rapranol sr 160mg m/r capsules,N
beta-blocker,bdn5.,syprol 40mg/5ml oral solution,N
beta-blocker,bdn6.,propranolol hydrochloride 40mg/5ml sugar free oral solution,N
beta-blocker,k8b..,metipranolol,N
beta-blocker,k8g..,levobunolol hydrochloride,N
beta-blocker,x0004,acebutolol+diuretic,N
beta-blocker,x000z,atenolol+calcium channel blocker,N
beta-blocker,x0010,atenolol+diuretic,N
beta-blocker,x007i,metoprolol+diuretic,N
beta-blocker,x007v,modified release oxprenolol,N
beta-blocker,x007w,modified release propranolol,N
beta-blocker,x0087,nadolol+diuretic,N
beta-blocker,x008y,oxprenolol+diuretic,N
beta-blocker,x009S,pindolol+diuretic,N
beta-blocker,x00A3,propranolol+diuretic,N
beta-blocker,x00B4,sotalol hydrochloride+diuretic,N
beta-blocker,x00BL,timolol maleate+diuretic,N
beta-blocker,x00Tb,avlocardyl retard 160mg m/r capsule,N
beta-blocker,x00Te,inderal retard 160mg m/r capsule,N
beta-blocker,x00Tr,trasicor retard 160mg m/r tablet,N
beta-blocker,x01Bz,cardioselective beta-blocker,N
beta-blocker,x01C0,betaxolol,N
beta-blocker,x01C1,bisoprolol,Y
beta-blocker,x01C2,celiprolol,N
beta-blocker,x01C3,esmolol,N
beta-blocker,x01C4,metoprolol,N
beta-blocker,x01C5,non-cardioselective beta-blocker,N
beta-blocker,x01C6,carteolol,N
beta-blocker,x01C7,labetalol,N
beta-blocker,x01C8,levobunolol,N
beta-blocker,x01CA,oxprenolol,N
beta-blocker,x01CB,penbutolol,N
beta-blocker,x01CC,practolol,N
beta-blocker,x01CD,propranolol,N
beta-blocker,x01CE,oral propranolol,N
beta-blocker,x01CF,parenteral propranolol,N
beta-blocker,x01CG,sotalol,N
beta-blocker,x01CH,oral sotalol,N
beta-blocker,x01CI,parenteral sotalol,N
beta-blocker,x01CJ,timolol,N
beta-blocker,x01CK,oral timolol,N
beta-blocker,x02Rk,co-tenidone,N
beta-blocker,x02SC,co-prenozide,N
beta-blocker,x03jn,atenolol+bendroflumethiazide,N
beta-blocker,x03jo,atenolol+co-amilozide,N
NSAID,bu21.,aspirin 100mg effervescent tablet,N
NSAID,bu22.,platet 100mg effervescent tablet,N
NSAID,bu23.,aspirin 75mg dispersible tablet,N
NSAID,bu24.,angettes 75mg tablet,N
NSAID,bu25.,aspirin 75mg tablet,N
NSAID,bu26.,platet 300mg effervescent tablet,N
NSAID,bu27.,aspirin 300mg effervescent tablet,N
NSAID,bu28.,disprin cv 100mg m/r tablet,N
NSAID,bu29.,aspirin 100mg m/r tablet,N
NSAID,bu2a.,disprin cv 300mg m/r tablet,N
NSAID,bu2A.,nu-seals aspirin 75mg e/c tablet,N
NSAID,bu2b.,aspirin 300mg m/r tablet,N
NSAID,bu2B.,aspirin 75mg e/c tablet,N
NSAID,bu2c.,aspirin 75mg soluble tablet,N
NSAID,bu2C.,postmi 300mg e/c tablet,N
NSAID,bu2D.,postmi 75mg dispersible tablet,N
NSAID,bu2E.,postmi 75mg e/c tablet,N
NSAID,bu2F.,caprin 75mg e/c tablet,N
NSAID,bu2G.,nu-seals cardio 75 e/c tablet,N
NSAID,bu2H.,enprin 75mg e/c tablet,N
NSAID,bu2I.,aspirin 162.5mg m/r capsule,N
NSAID,bu2J.,caspac xl 162.5mg m/r capsule,N
NSAID,bu2K.,micropirin 75mg e/c tablet,N
NSAID,di1..,aspirin [central nervous system use],N
NSAID,di11.,aspirin [cns] 300mg tablet,N
NSAID,di12.,aspirin [cns] 300mg dispersible tablet,N
NSAID,di14.,aspergum 227mg chewing gum,N
NSAID,di15.,claradin 300mg tablet,N
NSAID,di16.,laboprin 300mg tablet,N
NSAID,di17.,paynocil 600mg tablet,N
NSAID,di18.,solprin 300mg dispersible tablet,N
NSAID,di19.,aspirin 500mg m/r tablet,N
NSAID,di1a.,caprin 324mg e/c tablet,N
NSAID,di1b.,levius 500mg m/r tablet,N
NSAID,di1c.,nu-seals aspirin 300mg e/c tablet,N
NSAID,di1d.,nu-seals aspirin 600mg e/c tablet,N
NSAID,di1e.,palaprin forte 600mg tablet,N
NSAID,di1f.,aspirin 300mg e/c tablet,N
NSAID,di1g.,aspirin 600mg e/c tablet,N
NSAID,di1h.,aspirin 324mg e/c tablet,N
NSAID,di1i.,aspirin 600mg tablet,N
NSAID,di1j.,laboprin dl 900mg sachet,N
NSAID,di1k.,caprin 300mg e/c tablet,N
NSAID,di1m.,aspirin 300mg soluble tablet,N
NSAID,di1n.,aspirin 300mg suppository,N
NSAID,di1o.,aspirin 150mg suppository,N
NSAID,di1p.,aspirin 500mg soluble tablet,N
NSAID,di1q.,aspro clear maximum strength soluble tablet,N
NSAID,di1r.,disprin 300mg dispersible tablet,N
NSAID,di3..,benorylate [central nervous sytem use],N
NSAID,di4..,diflunisal [cns analgesic] [see j23..],N
NSAID,di5..,fenoprofen [analgesic],N
NSAID,di51.,progesic 200mg tablet,N
NSAID,di5z.,fenoprofen 200mg tablet,N
NSAID,di6..,ibuprofen [cns analgesic] [see j28..],N
NSAID,di7..,mefenamic acid [cns analgesic] [see j2b..],N
NSAID,di8..,naproxen sodium,N
NSAID,di81.,synflex 275mg tablet,N
NSAID,di8z.,naproxen sodium 275mg tablet,N
NSAID,di9..,nefopam hydrochloride,N
NSAID,di91.,acupan 30mg tablet,N
NSAID,di92.,acupan 20mg/1ml injection,N
NSAID,di9y.,nefopam hydrochloride 30mg tablet,N
NSAID,di9z.,nefopam hydrochloride 20mg/1ml injection,N
NSAID,dia1.,aspirin/paracetamol/codeine tablets,N
NSAID,dia4.,co-codaprin 8mg/400mg tablet,N
NSAID,dia5.,co-codaprin 8mg/400mg dispersible tablet,N
NSAID,dia8.,antoin dispersible tablet,N
NSAID,dia9.,aspav dispersible tablet,N
NSAID,diab.,codis dispersible tablet,N
NSAID,diaB.,beechams powder,N
NSAID,diaD.,anadin extra tablet,N
NSAID,diae.,doloxene compound capsule,N
NSAID,diaE.,alka-seltzer tablet,N
NSAID,diaf.,equagesic tablet,N
NSAID,diaG.,aspirin+papaveretum 500mg/7.71mg dispersible tablet,N
NSAID,diai.,hypon tablet,N
NSAID,diaO.,co-codaprin 8mg/500mg dispersible tablet,N
NSAID,diaP.,codis 500 dispersible tablet,N
NSAID,diat.,aspirin+papaveretum 500mg/10mg dispersible tablet,N
NSAID,diaW.,anadin ultra 200mg capsule,N
NSAID,diay.,anadin tablet,N
NSAID,diaz.,askit powder,N
NSAID,dibA.,aspirin+methocarbamol 325mg/400mg tablet,N
NSAID,dibC.,sudafed dual relief max tablet,N
NSAID,dibk.,robaxisal forte tablet,N
NSAID,dibq.,trancoprin tablet,N
NSAID,dic6.,ibuprofen+pseudoephedrine 200mg/30mg tablet,N
NSAID,dic7.,nurofen cold & flu tablet,N
NSAID,dic8.,nurofen sinus tablet,N
NSAID,dicB.,lemsip flu 12hr ibuprofen+pseudoephedrine capsule,N
NSAID,dicC.,ibuprofen+pseudoephedrine 300mg/45mg capsule,N
NSAID,dicH.,phensic tablet,N
NSAID,dicP.,lemsip cold & flu sinus 12 hr ibuprof+pseudoeph 300/45mg cap,N
NSAID,j11..,aspirin [musculoskeletal use],N
NSAID,j111.,aspirin 300mg tablet,N
NSAID,j112.,aspirin 300mg dispersible tablet,N
NSAID,j12..,benorilate [musculoskeletal use],N
NSAID,j121.,benoral 750mg tablet,N
NSAID,j122.,benoral 2g/sachet granules,N
NSAID,j123.,benoral 2g/5ml sugar free suspension 150ml,N
NSAID,j124.,benoral 2g/5ml sugar free suspension 300ml,N
NSAID,j12x.,benorilate 750mg tablet,N
NSAID,j12y.,benorilate 2g/sachet granules,N
NSAID,j12z.,benorilate 2g/5ml s/f suspension,N
NSAID,j2...,non-steroidal anti-inflammatory drugs,N
NSAID,j21..,azapropazone,N
NSAID,j211.,rheumox 300mg capsules,N
NSAID,j212.,rheumox 600mg tablets,N
NSAID,j21y.,azapropazone 300mg capsules,N
NSAID,j21z.,azapropazone 600mg tablets,N
NSAID,j22..,diclofenac sodium,N
NSAID,j221.,voltarol 25mg tablets,N
NSAID,j222.,voltarol 50mg tablets,N
NSAID,j223.,voltarol 75mg/3ml injection,N
NSAID,j224.,voltarol 100mg suppositories,N
NSAID,j225.,voltarol 12.5mg paediatric suppositories,N
NSAID,j226.,voltarol retard 100mg m/r tablets,N
NSAID,j227.,rhumalgan 25mg e/c tablets,N
NSAID,j228.,rhumalgan 50mg e/c tablets,N
NSAID,j229.,diclofenac 75mg/3ml injection,N
NSAID,j22a.,diclofenac 100mg suppositories,N
NSAID,j22A.,flamrase sr 100mg m/r tablets,N
NSAID,j22b.,diclofenac 12.5mg paediatric suppositories,N
NSAID,j22B.,motifene 75mg e/c+m/r capsules,N
NSAID,j22c.,diclofenac 100mg m/r tablets,N
NSAID,j22C.,diclofenac sodium 75mg m/r capsules,N
NSAID,j22d.,diclofenac 25mg e/c tablets,N
NSAID,j22D.,voltarol 25mg suppositories,N
NSAID,j22e.,diclofenac 50mg e/c tablets,N
NSAID,j22E.,voltarol 50mg suppositories,N
NSAID,j22f.,volraman 25mg tablets,N
NSAID,j22F.,diclofenac sodium 25mg suppositories,N
NSAID,j22g.,volraman 50mg tablets,N
NSAID,j22G.,diclofenac sodium 50mg suppositories,N
NSAID,j22h.,voltarol 50mg dispersible tablets,N
NSAID,j22H.,diclomax sr 75mg m/r capsules,N
NSAID,j22i.,diclofenac 50mg dispersible tablets,N
NSAID,j22I.,dicloflex 25mg e/c tablets,N
NSAID,j22j.,valenac 25mg e/c tablets,N
NSAID,j22J.,dicloflex 50mg e/c tablets,N
NSAID,j22k.,valenac 50mg e/c tablets,N
NSAID,j22K.,dicloflex retard 100mg m/r tablets,N
NSAID,j22l.,diclozip 25mg tablets,N
NSAID,j22L.,lofensaid-25 tablets,N
NSAID,j22m.,diclozip 50mg tablets,N
NSAID,j22M.,lofensaid-50 tablets,N
NSAID,j22n.,voltarol sr 75mg m/r tablets,N
NSAID,j22N.,rhumalgan cr 100mg m/r tablets,N
NSAID,j22o.,arthrotec 50 tablets,N
NSAID,j22O.,rhumalgan cr 75mg m/r tablets,N
NSAID,j22p.,diclofenac sodium+misoprostol 50mg/200micrograms tablets,N
NSAID,j22P.,volsaid retard 75mg m/r tablets,N
NSAID,j22q.,diclomax retard 100mg m/r capsules,N
NSAID,j22Q.,volsaid retard 100mg m/r tablets,N
NSAID,j22r.,diclofenac 100mg m/r capsules,N
NSAID,j22R.,diclofenac 75mg e/c+m/r capsules,N
NSAID,j22s.,isclofen 50mg e/c tablets,N
NSAID,j22S.,lofensaid retard 75 m/r tablets,N
NSAID,j22t.,diclofenac sodium+misoprostol 75mg/200micrograms tablets,N
NSAID,j22T.,lofensaid retard 100 m/r tablets,N
NSAID,j22u.,diclofenac sodium 25mg tablets,N
NSAID,j22U.,slofenac sr 100mg m/r tablets,N
NSAID,j22v.,diclofenac sodium 50mg tablets,N
NSAID,j22V.,slofenac sr 75mg m/r tablets,N
NSAID,j22w.,flamrase 25mg tablets,N
NSAID,j22W.,digenac xl 100 m/r tablets,N
NSAID,j22x.,flamrase 50mg tablets,N
NSAID,j22X.,flexotard 100mg m/r tablets,N
NSAID,j22y.,diclofenac sodium 75mg m/r tablets,N
NSAID,j22Y.,diclotard 75 m/r tablets,N
NSAID,j22z.,arthrotec 75 tablets,N
NSAID,j22Z.,diclotard 100 m/r tablets,N
NSAID,j23..,diflunisal [musculoskeletal use],N
NSAID,j231.,dolobid 250mg tablets,N
NSAID,j232.,dolobid 500mg tablets,N
NSAID,j233.,diflunisal 250mg tablets,N
NSAID,j234.,diflunisal 500mg tablets,N
NSAID,j24..,etodolac,N
NSAID,j241.,lodine 200mg capsules,N
NSAID,j242.,ramodar 200mg tablets,N
NSAID,j243.,etodolac 200mg capsules,N
NSAID,j244.,lodine 300mg capsules,N
NSAID,j245.,lodine 200mg tablets,N
NSAID,j246.,etodolac 200mg tablets,N
NSAID,j247.,etodolac 300mg capsules,N
NSAID,j248.,lodine sr 600mg m/r tablets,N
NSAID,j249.,etodolac 600mg m/r tablets,N
NSAID,j24A.,ebretin 200mg capsules,N
NSAID,j24B.,ebretin 300mg capsules,N
NSAID,j24C.,eccoxolac 300mg capsules,N
NSAID,j24D.,etopan xl 600mg m/r tablets,N
NSAID,j25..,fenbufen,N
NSAID,j251.,lederfen 300mg capsules x21,N
NSAID,j252.,lederfen cp 300mg capsules x84,N
NSAID,j253.,lederfen 300mg tablets,N
NSAID,j254.,lederfen cp 300mg tablets,N
NSAID,j255.,lederfen 450mg tablets,N
NSAID,j256.,lederfen f 450mg effervescent tablets 56,N
NSAID,j257.,fenbufen 300mg capsules,N
NSAID,j258.,fenbufen 300mg tablets,N
NSAID,j259.,fenbuzip 300mg capsules,N
NSAID,j25A.,fenbuzip 300mg tablets,N
NSAID,j25B.,fenbuzip 450mg tablets,N
NSAID,j25y.,fenbufen 450mg tablets,N
NSAID,j25z.,fenbufen 450mg effervescent tablets,N
NSAID,j26..,fenoprofen [musculoskeletal use],N
NSAID,j261.,fenopron 300mg tablets,N
NSAID,j262.,fenopron 600mg tablets,N
NSAID,j263.,fenoprofen 300mg tablets,N
NSAID,j264.,fenoprofen 600mg tablets,N
NSAID,j27..,flurbiprofen,N
NSAID,j271.,froben 50mg tablets,N
NSAID,j272.,froben 100mg tablets,N
NSAID,j273.,froben 100mg suppositories,N
NSAID,j274.,froben sr 200mg capsules,N
NSAID,j275.,flurbiprofen 200mg m/r capsules,N
NSAID,j27x.,flurbiprofen 50mg tablets,N
NSAID,j27y.,flurbiprofen 100mg tablets,N
NSAID,j27z.,flurbiprofen 100mg suppositories,N
NSAID,j28..,ibuprofen [musculoskeletal use],N
NSAID,j281.,ibuprofen 200mg tablets,N
NSAID,j282.,ibuprofen 400mg tablets,N
NSAID,j283.,ibuprofen 600mg tablets,N
NSAID,j284.,apsifen 200mg tablets,N
NSAID,j285.,apsifen 400mg tablets,N
NSAID,j286.,apsifen f 600mg effervescent tablets,N
NSAID,j287.,brufen 200mg tablets,N
NSAID,j288.,brufen 400mg tablets,N
NSAID,j289.,brufen 600mg tablets,N
NSAID,j28a.,brufen 100mg/5ml syrup,N
NSAID,j28A.,brufen retard 800mg m/r tablets,N
NSAID,j28b.,ebufac 200mg tablets,N
NSAID,j28B.,ibuprofen 800mg m/r tablets,N
NSAID,j28c.,ebufac 400mg tablets,N
NSAID,j28C.,cuprofen 200mg tablets,N
NSAID,j28d.,fenbid 300mg spansules,N
NSAID,j28D.,isisfen 400mg tablets,N
NSAID,j28e.,ibular 200mg tablets,N
NSAID,j28E.,lidifen 200mg tablets,N
NSAID,j28f.,ibular 400mg tablets,N
NSAID,j28F.,lidifen 400mg tablets,N
NSAID,j28g.,ibumetin 200mg tablets,N
NSAID,j28G.,lidifen 600mg tablets,N
NSAID,j28h.,ibumetin 400mg tablets,N
NSAID,j28H.,codafen continus m/r tablets,N
NSAID,j28i.,ibumetin 600mg tablets,N
NSAID,j28I.,nurofen plus tablets,N
NSAID,j28j.,motrin 200mg tablets,N
NSAID,j28J.,junifen 100mg/5ml sugar free suspension,N
NSAID,j28k.,motrin 400mg tablets,N
NSAID,j28K.,ibumed 400mg tablets,N
NSAID,j28l.,motrin 600mg tablets,N
NSAID,j28L.,apsifen f 600mg tablet,N
NSAID,j28m.,paxofen 200mg tablets,N
NSAID,j28M.,rimafen 200mg tablets,N
NSAID,j28n.,paxofen 400mg tablets,N
NSAID,j28N.,rimafen 400mg tablets,N
NSAID,j28o.,paxofen 600mg tablets,N
NSAID,j28O.,ibuprofen+codeine phosphate 200mg/12.5mg tablets,N
NSAID,j28p.,motrin 800mg tablets,N
NSAID,j28P.,ibuprofen 600mg/sachet effervescent granules,N
NSAID,j28q.,arthrofen 200mg tablets,N
NSAID,j28Q.,cuprofen maximum strength 400mg tablet,N
NSAID,j28r.,arthrofen 400mg tablets,N
NSAID,j28R.,inoven 200mg caplets,N
NSAID,j28s.,junifen 100mg/5ml suspension 150ml,N
NSAID,j28S.,relcofen 200mg tablets,N
NSAID,j28t.,arthrofen 600mg tablets,N
NSAID,j28T.,relcofen 400mg tablets,N
NSAID,j28u.,ibuprofen 800mg tablets,N
NSAID,j28U.,solpaflex tablets,N
NSAID,j28v.,brufen 600mg granules,N
NSAID,j28V.,ibuprofen+codeine phosphate 200mg/12.8mg tablets,N
NSAID,j28w.,ibuprofen 100mg/5ml syrup,N
NSAID,j28W.,advil 200mg tablets,N
NSAID,j28x.,ibuprofen 200mg m/r capsules,N
NSAID,j28X.,advil extra strength 400mg tablets,N
NSAID,j28y.,ibuprofen 300mg m/r capsules,N
NSAID,j28Y.,ibuprofen 100mg/5ml sugar free syrup,N
NSAID,j28z.,ibuprofen+codeine phosphate 300mg/20mg m/r tablets,N
NSAID,j28Z.,anadin ibuprofen 200mg tablets,N
NSAID,j29..,indometacin,N
NSAID,j291.,indometacin 25mg capsules,N
NSAID,j292.,indometacin 50mg capsules,N
NSAID,j293.,indometacin 100mg suppositories,N
NSAID,j294.,artracin 25mg capsules,N
NSAID,j295.,artracin 50mg capsules,N
NSAID,j296.,imbrilon 25mg capsules,N
NSAID,j297.,imbrilon 50mg capsules,N
NSAID,j298.,imbrilon 100mg suppositories,N
NSAID,j299.,indocid 25mg capsules,N
NSAID,j29a.,indocid 50mg capsules,N
NSAID,j29A.,indometacin 75mg m/r tablets,N
NSAID,j29b.,indocid 25mg/5ml suspension,N
NSAID,j29B.,flexin continus 25mg m/r tablets,N
NSAID,j29c.,indocid 100mg suppositories,N
NSAID,j29C.,flexin continus ls 50mg m/r tablets,N
NSAID,j29d.,indocid-r 75mg m/r capsules,N
NSAID,j29D.,indometacin 50mg m/r tablets,N
NSAID,j29e.,indoflex 25mg capsules,N
NSAID,j29E.,indometacin 25mg m/r tablets,N
NSAID,j29f.,indolar 25mg capsules,N
NSAID,j29F.,rimacid 25mg capsules,N
NSAID,j29g.,indolar 50mg capsules,N
NSAID,j29G.,artracin sr 75mg m/r capsules,N
NSAID,j29h.,indolar 100mg suppositories,N
NSAID,j29H.,maximet sr 75mg m/r capsules,N
NSAID,j29i.,indolar sr 75mg m/r capsules,N
NSAID,j29j.,indomod 25mg m/r capsules,N
NSAID,j29J.,indotard mr 75mg m/r capsules,N
NSAID,j29k.,indomod 75mg m/r capsules,N
NSAID,j29K.,pardelprin mr 75mg m/r capsules,N
NSAID,j29l.,mobilan 25mg capsules,N
NSAID,j29m.,mobilan 50mg capsules,N
NSAID,j29n.,rheumacin la 75mg m/r capsules,N
NSAID,j29o.,slo-indo 75mg m/r capsules,N
NSAID,j29p.,flexin continus 75mg m/r tablets,N
NSAID,j29q.,indocid pda 1mg injection,N
NSAID,j29r.,indomax 25mg capsules,N
NSAID,j29s.,indomax 75mg m/r capsules,N
NSAID,j29t.,rheumacin la 75mg m/r capsules,N
NSAID,j29u.,berlind 75 retard 75mg m/r capsules,N
NSAID,j29v.,indometacin 1mg injection (pdr for recon),N
NSAID,j29w.,indomethacin 25mg/5ml suspension,N
NSAID,j29y.,indometacin 75mg m/r capsules,N
NSAID,j29z.,indometacin 25mg m/r capsules,N
NSAID,j2a..,ketoprofen,N
NSAID,j2a1.,ketoprofen 50mg capsules,N
NSAID,j2a2.,ketoprofen 100mg capsules,N
NSAID,j2a3.,ketoprofen 100mg suppositories,N
NSAID,j2a4.,alrheumat 50mg capsules,N
NSAID,j2a5.,orudis 50mg capsules,N
NSAID,j2a6.,orudis 100mg capsules,N
NSAID,j2a7.,orudis 100mg suppositories,N
NSAID,j2a8.,oruvail 100mg m/r capsules,N
NSAID,j2a9.,oruvail 200mg m/r capsules,N
NSAID,j2aa.,oruvail 100mg/2ml injection,N
NSAID,j2aA.,ketoprofen cr 100mg m/r capsules,N
NSAID,j2ab.,tiloket 50mg capsules,N
NSAID,j2aB.,ketoprofen cr 200mg m/r capsules,N
NSAID,j2ac.,axorid 100mg/20mg m/r capsules,N
NSAID,j2aC.,ketovail 100mg m/r capsules,N
NSAID,j2ad.,axorid 200mg/20mg m/r capsules,N
NSAID,j2aD.,ketovail 200mg m/r capsules,N
NSAID,j2aE.,ketonal 50mg capsules,N
NSAID,j2aF.,ketonal 100mg capsules,N
NSAID,j2aG.,oruvail 150mg m/r capsules,N
NSAID,j2aH.,larafen cr 200mg m/r capsules,N
NSAID,j2aI.,ketocid-200 m/r capsules,N
NSAID,j2aJ.,fenoket 200mg m/r capsules,N
NSAID,j2aK.,ketozip cr 200mg m/r capsules,N
NSAID,j2aL.,ketotard 200 xl m/r capsules,N
NSAID,j2aM.,jomethid xl 200mg m/r capsules,N
NSAID,j2aO.,ketpron xl 100mg m/r capsules,N
NSAID,j2aP.,ketpron xl 200mg m/r capsules,N
NSAID,j2aQ.,ketil cr 100mg m/r capsules,N
NSAID,j2aR.,ketil cr 200mg m/r capsules,N
NSAID,j2aS.,valket 200 retard 200mg m/r capsules,N
NSAID,j2au.,ketoprofen+omeprazole 200mg/20mg m/r capsules,N
NSAID,j2av.,ketoprofen+omeprazole 100mg/20mg m/r capsules,N
NSAID,j2aw.,ketoprofen 150mg m/r capsules,N
NSAID,j2ax.,ketoprofen 100mg/2ml injection,N
NSAID,j2ay.,ketoprofen 100mg m/r capsules,N
NSAID,j2az.,ketoprofen 200mg m/r capsules,N
NSAID,j2b..,mefenamic acid [musculoskeletal use],N
NSAID,j2b1.,mefenamic acid 250mg capsules,N
NSAID,j2b2.,ponstan 250mg capsules,N
NSAID,j2b3.,ponstan forte 500mg tablets,N
NSAID,j2b4.,ponstan 50mg/5ml paediatric suspension,N
NSAID,j2b5.,ponstan 250mg dispersible tablets,N
NSAID,j2b6.,dysman 250mg capsules,N
NSAID,j2b7.,dysman 500mg tablets,N
NSAID,j2b8.,contraflam 250mg capsules,N
NSAID,j2b9.,meflam-250 capsules,N
NSAID,j2bA.,meflam-500 tablets,N
NSAID,j2bB.,opustan 250mg capsules,N
NSAID,j2bC.,opustan 500mg tablets,N
NSAID,j2bD.,contraflam 500mg tablets,N
NSAID,j2bx.,mefenamic acid 500mg tablets,N
NSAID,j2by.,mefenamic acid 50mg/5ml suspension,N
NSAID,j2bz.,mefenamic acid 250mg dispersible tablets,N
NSAID,j2c..,naproxen,N
NSAID,j2c1.,naproxen 250mg tablets,N
NSAID,j2c2.,naproxen 500mg tablets,N
NSAID,j2c3.,laraflex 250mg tablets,N
NSAID,j2c4.,laraflex 500mg tablets,N
NSAID,j2c5.,naprosyn 250mg tablets,N
NSAID,j2c6.,naprosyn 500mg tablets,N
NSAID,j2c7.,naprosyn 125mg/5ml suspension,N
NSAID,j2c8.,naprosyn 500mg suppositories,N
NSAID,j2c9.,naprosyn granules 500mg/sachet,N
NSAID,j2ca.,valrox 250mg tablets,N
NSAID,j2cA.,rheuflex 250mg tablets,N
NSAID,j2cb.,valrox 500mg tablets,N
NSAID,j2cB.,rheuflex 500mg tablets,N
NSAID,j2cc.,arthrosin 250mg tablets,N
NSAID,j2cC.,pranoxen continus 375mg m/r tablets,N
NSAID,j2cd.,arthrosin 500mg tablets,N
NSAID,j2cD.,pranoxen continus 500mg m/r tablets,N
NSAID,j2ce.,arthroxen 250mg tablets,N
NSAID,j2cE.,naprosyn s/r 500mg m/r tablets,N
NSAID,j2cf.,arthroxen 500mg tablets,N
NSAID,j2cF.,timpron 500mg tablets,N
NSAID,j2cg.,naprosyn 375mg tablets,N
NSAID,j2cG.,rimoxyn 500mg tablets,N
NSAID,j2ch.,naproxen 375mg tablets,N
NSAID,j2cH.,rimoxyn 250mg tablets,N
NSAID,j2ci.,nycopren 250mg e/c tablets,N
NSAID,j2cI.,timpron 250mg tablets,N
NSAID,j2cj.,nycopren 500mg e/c tablets,N
NSAID,j2cJ.,timpron 250 ec e/c tablets,N
NSAID,j2ck.,naproxen 250mg e/c tablets,N
NSAID,j2cK.,timpron 500 ec e/c tablets,N
NSAID,j2cl.,naproxen 500mg e/c tablets,N
NSAID,j2cL.,condrotec tablets,N
NSAID,j2cm.,prosaid 250mg tablets,N
NSAID,j2cM.,arthrosin 250mg e/c tablets,N
NSAID,j2cn.,prosaid 500mg tablets,N
NSAID,j2cN.,arthrosin 500mg e/c tablets,N
NSAID,j2co.,naprosyn ec 250mg e/c tablets,N
NSAID,j2cO.,feminax ultra 250mg tablets,N
NSAID,j2cp.,naprosyn ec 375mg e/c tablets,N
NSAID,j2cP.,vimovo 500mg/20mg m/r tablets,N
NSAID,j2cq.,naprosyn ec 500mg e/c tablets,N
NSAID,j2cr.,napratec 500mg/200micrograms tablets combination pack 2x56,N
NSAID,j2cs.,naproxen 375mg m/r tablets,N
NSAID,j2ct.,naproxen 500mg m/r tablets,N
NSAID,j2cu.,naproxen tablet+misoprostol tablet 500mg/200micrograms pack,N
NSAID,j2cv.,naproxen granules 500mg/sachet,N
NSAID,j2cw.,naproxen 375mg e/c tablets,N
NSAID,j2cx.,naproxen+misoprostol 500mg/200micrograms tablets,N
NSAID,j2cy.,naproxen 125mg/5ml suspension,N
NSAID,j2cz.,naproxen 500mg suppositories,N
NSAID,j2cZ.,naproxen+esomeprazole 500mg/20mg m/r tablets,N
NSAID,j2d..,phenylbutazone,N
NSAID,j2d1.,phenylbutazone 100mg tablets,N
NSAID,j2d2.,phenylbutazone 200mg tablets,N
NSAID,j2d3.,butacote 100mg tablets,N
NSAID,j2d4.,butacote 200mg tablets,N
NSAID,j2d5.,butazolidin 100mg tablets,N
NSAID,j2d6.,butazolidin 200mg tablets,N
NSAID,j2d7.,butazone 100mg tablets,N
NSAID,j2d8.,butazone 200mg tablets,N
NSAID,j2e..,piroxicam,N
NSAID,j2e1.,piroxicam 10mg capsules,N
NSAID,j2e2.,piroxicam 20mg capsules,N
NSAID,j2e3.,feldene 10mg capsules,N
NSAID,j2e4.,feldene 20mg capsules,N
NSAID,j2e5.,feldene 10mg dispersible tablets,N
NSAID,j2e6.,feldene 20mg dispersible tablets,N
NSAID,j2e7.,feldene 20mg suppositories,N
NSAID,j2e8.,larapam 10mg capsules,N
NSAID,j2e9.,larapam 20mg capsules,N
NSAID,j2ea.,pirozip 10mg capsules,N
NSAID,j2eA.,piroflam-10 capsules,N
NSAID,j2eb.,pirozip 20mg capsules,N
NSAID,j2eB.,piroflam-20 capsules,N
NSAID,j2ec.,feldene melt 20mg tablets,N
NSAID,j2ed.,feldene im 20mg/1ml injection,N
NSAID,j2ee.,flamatrol 10mg capsules,N
NSAID,j2ef.,flamatrol 20mg capsules,N
NSAID,j2ev.,piroxicam 20mg/1ml injection,N
NSAID,j2ew.,piroxicam 20mg melt in the mouth tablets,N
NSAID,j2ex.,piroxicam 10mg dispersible tablets,N
NSAID,j2ey.,piroxicam 20mg dispersible tablets,N
NSAID,j2ez.,piroxicam 20mg suppositories,N
NSAID,j2f..,sulindac,N
NSAID,j2f1.,clinoril 100mg tablets,N
NSAID,j2f2.,clinoril 200mg tablets,N
NSAID,j2fy.,sulindac 100mg tablets,N
NSAID,j2fz.,sulindac 200mg tablets,N
NSAID,j2g..,tiaprofenic acid,N
NSAID,j2g1.,surgam 200mg tablets,N
NSAID,j2g2.,surgam 300mg tablets,N
NSAID,j2g3.,surgam granules 300mg/sachet,N
NSAID,j2g4.,surgam sa 300mg m/r capsules,N
NSAID,j2g5.,tiaprofenic acid 300mg m/r capsules,N
NSAID,j2gx.,tiaprofenic acid 200mg tablets,N
NSAID,j2gy.,tiaprofenic acid 300mg tablets,N
NSAID,j2gz.,tiaprofenic acid granules 300mg/sach,N
NSAID,j2h..,tolmetin,N
NSAID,j2h1.,tolectin ds 400mg capsules,N
NSAID,j2h2.,tolectin 200mg capsules,N
NSAID,j2h3.,tolectin 400mg capsules,N
NSAID,j2hy.,tolmetin 200mg capsules,N
NSAID,j2hz.,tolmetin 400mg capsules,N
NSAID,j2i..,piroxicam-betadex,N
NSAID,j2i1.,piroxicam-betadex 191.3mg tablets,N
NSAID,j2i2.,brexidol 20mg tablets,N
NSAID,j2j..,acemetacin,N
NSAID,j2j1.,acemetacin 60mg capsules,N
NSAID,j2j2.,emflex 60mg capsules,N
NSAID,j2k..,nabumetone,N
NSAID,j2k1.,relifex 500mg tablets,N
NSAID,j2k2.,nabumetone 500mg tablets,N
NSAID,j2k3.,relifex 500mg/5ml suspension,N
NSAID,j2k4.,nabumetone 500mg/5ml suspension,N
NSAID,j2k5.,relifex 500mg dispersible tablets,N
NSAID,j2k6.,nabumetone 500mg dispersible tablets,N
NSAID,j2l..,tenoxicam,N
NSAID,j2l1.,tenoxicam 20mg tablets,N
NSAID,j2l2.,mobiflex 20mg tablets,N
NSAID,j2l3.,tenoxicam 20mg/sachet granules,N
NSAID,j2l4.,mobiflex 20mg/sachet milk granules,N
NSAID,j2l5.,tenoxicam 20mg effervescent tablets,N
NSAID,j2l6.,mobiflex 20mg effervescent tablets,N
NSAID,j2l7.,tenoxicam 20mg injection+diluent,N
NSAID,j2l8.,mobiflex vials 20mg injection +diluent,N
NSAID,j2m..,aceclofenac,N
NSAID,j2m1.,preservex 100mg tablets,N
NSAID,j2m2.,aceclofenac 100mg tablets,N
NSAID,j2n..,meloxicam,N
NSAID,j2n1.,meloxicam 15mg suppositories,N
NSAID,j2n2.,meloxicam 7.5mg tablets,N
NSAID,j2n3.,meloxicam 15mg tablets,N
NSAID,j2n4.,mobic 15mg suppositories,N
NSAID,j2n5.,mobic 7.5mg tablets,N
NSAID,j2n6.,mobic 15mg tablets,N
NSAID,j2n7.,meloxicam 7.5mg suppositories,N
NSAID,j2n8.,mobic 7.5mg suppositories,N
NSAID,j2o..,diclofenac sodium 2,N
NSAID,j2o1.,dicloflex sr 75mg m/r tablets,N
NSAID,j2o2.,flamatak mr 75mg m/r tablets,N
NSAID,j2o3.,difenor xl 100mg m/r tablets,N
NSAID,j2o4.,diclovol 25mg e/c tablets,N
NSAID,j2o5.,diclovol 50mg e/c tablets,N
NSAID,j2o6.,diclovol sr 75mg m/r tablets,N
NSAID,j2o7.,diclovol retard 100mg m/r tablets,N
NSAID,j2o8.,dexomon sr 75mg m/r tablets,N
NSAID,j2o9.,dexomon retard 100mg m/r tablets,N
NSAID,j2oA.,acoflam sr 75mg m/r tablets,N
NSAID,j2oB.,acoflam 50mg e/c tablets,N
NSAID,j2oC.,acoflam 25mg e/c tablets,N
NSAID,j2oD.,acoflam retard 100mg m/r tablets,N
NSAID,j2oE.,flamatak mr 100mg m/r tablets,N
NSAID,j2oF.,rheumatac retard 75mg m/r tablets,N
NSAID,j2oG.,flamrase sr 75mg m/r tablets,N
NSAID,j2oH.,econac 100mg suppositories,N
NSAID,j2oJ.,closteril 100 m/r tablets,N
NSAID,j2oK.,econac 75mg/3ml injection,N
NSAID,j2ol.,defanac sr 75mg m/r tablets,N
NSAID,j2oL.,rhumalgan xl 100mg m/r capsules,N
NSAID,j2om.,defanac retard 100mg m/r tablets,N
NSAID,j2oM.,rhumalgan sr 75mg m/r capsules,N
NSAID,j2oN.,dyloject 75mg/2ml solution for injection,N
NSAID,j2oo.,defanac 25mg e/c tablets,N
NSAID,j2oO.,diclofenac 75mg/2ml solution for injection,N
NSAID,j2op.,defanac 50mg e/c tablets,N
NSAID,j2oP.,voltarol active 4% spray 15ml,N
NSAID,j2oq.,fenactol 25mg e/c tablets,N
NSAID,j2oQ.,voltarol active 4% spray 30ml,N
NSAID,j2or.,fenactol 50mg e/c tablets,N
NSAID,j2oR.,enstar xl 100mg m/r tablets,N
NSAID,j2os.,fenactol sr 75mg m/r tablets,N
NSAID,j2ot.,fenactol retard 100mg m/r tablets,N
NSAID,j2ou.,valdic 75 retard 75mg m/r tablets,N
NSAID,j2ov.,valdic 100 retard 100mg m/r tablets,N
NSAID,j2ow.,econac sr 75mg m/r tablets,N
NSAID,j2ox.,econac xl 100mg m/r tablets,N
NSAID,j2oy.,mobigel 4% spray 25g,N
NSAID,j2oz.,diclofenac sodium 4% spray,N
NSAID,j2p..,ibuprofen [musculoskeletal use 2],N
NSAID,j2p1.,nurofen advance 200mg tablets,N
NSAID,j2p2.,nurofen for children 100mg/5ml oral suspension,N
NSAID,j2p3.,nurofen long lasting 300mg m/r capsules,N
NSAID,j2p4.,galprofen 100mg/5ml oral suspension,N
NSAID,j2p5.,librofem 200mg tablets,N
NSAID,j2p6.,orbifen for children 100mg/5ml sugar free oral suspension,N
NSAID,j2p7.,mandafen 600mg tablets,N
NSAID,j2p8.,feverfen 100mg/5ml s/f oral suspension,N
NSAID,j2p9.,nurofen for children singles 100mg/5ml sachts s/f oral suspn,N
NSAID,j2pa.,ibucalm 400mg tablets,N
NSAID,j2pA.,ibuprofen 100mg/5ml sachets s/f oral suspension,N
NSAID,j2pb.,nurofen express soluble 400mg/sachet oral powder,N
NSAID,j2pB.,mandafen 400mg tablets,N
NSAID,j2pc.,ibuprofen 400mg/sachet oral powder,N
NSAID,j2pC.,orbifen 100mg/5ml sugar free oral suspension,N
NSAID,j2pD.,nurofen mobile 200mg tablets,N
NSAID,j2pE.,fenpaed 100mg/5ml sugar free oral suspension,N
NSAID,j2pF.,mandafen for children 100mg/5ml sugar free oral suspension,N
NSAID,j2pG.,cuprofen for children 100mg/5ml sugar free oral suspension,N
NSAID,j2pH.,nurofen 200mg tablets,N
NSAID,j2pI.,nurofen 200mg caplets,N
NSAID,j2pJ.,ibuprofen 200mg capsules,N
NSAID,j2pK.,nurofen 200mg liquid capsules,N
NSAID,j2pL.,calprofen 100mg/5ml sugar free oral suspension,N
NSAID,j2pM.,cuprofen plus tablets,N
NSAID,j2pN.,orbifen 100mg/5ml sachets sugar free oral suspension,N
NSAID,j2pO.,care ibuprofen for children 100mg/5ml s/f oral suspension,N
NSAID,j2pP.,nurofen for children strawberry 100mg/5ml s/f oral susp,N
NSAID,j2pQ.,galprofen ibuprofen 200mg caplets,N
NSAID,j2pR.,lloyds pharmacy ibuprofen for children 100mg/5ml s/f susp,N
NSAID,j2pS.,nurofen tension headache 200mg tablets,N
NSAID,j2pT.,solpadeine migraine ibuprofen & codeine tablets,N
NSAID,j2pU.,nurofen maximum strength migraine pain 400mg caplets,N
NSAID,j2pV.,nurofen extra strength 400mg liquid capsules,N
NSAID,j2pW.,ibuprofen 400mg capsules,N
NSAID,j2pX.,anadin ultra double strength 400mg liquid capsules,N
NSAID,j2pY.,galpharm maximum strength ibuprofen 400mg liquid capsules,N
NSAID,j2pZ.,ibucalm 200mg tablets,N
NSAID,j2q..,dexketoprofen,N
NSAID,j2q1.,keral 25mg tablets,N
NSAID,j2qz.,dexketoprofen 25mg tablets,N
NSAID,j2r..,diclofenac potassium,N
NSAID,j2r1.,voltarol rapid 25mg tablets,N
NSAID,j2r2.,voltarol rapid 50mg tablets,N
NSAID,j2r3.,voltarol pain-eze 12.5mg tablets,N
NSAID,j2rx.,diclofenac potassium 12.5mg tablets,N
NSAID,j2ry.,diclofenac potassium 25mg tablets,N
NSAID,j2rz.,diclofenac potassium 50mg tablets,N
NSAID,j2s..,lornoxicam,N
NSAID,j2s1.,xefo 4mg tablets,N
NSAID,j2s2.,xefo 8mg tablets,N
NSAID,j2s3.,xefo 8.6mg injection (pdr for recon),N
NSAID,j2sx.,lornoxicam 8.6mg injection (pdr for recon),N
NSAID,j2sy.,lornoxicam 8mg tablets,N
NSAID,j2sz.,lornoxicam 4mg tablets,N
NSAID,j2t..,dexibuprofen,N
NSAID,j2t1.,seractil 400mg tablets,N
NSAID,j2t2.,seractil 300mg tablets,N
NSAID,j2ty.,dexibuprofen 300mg tablets,N
NSAID,j2tz.,dexibuprofen 400mg tablets,N
NSAID,ja1A.,voltarol emulgel topical gel 100g,N
NSAID,ja1B.,feldene sports gel 30g,N
NSAID,ja1F.,voltarol emulgel topical gel 20g,N
NSAID,ja1H.,oruvail gel 100g,N
NSAID,ja1I.,ibugel gel 100g,N
NSAID,ja1J.,proflex 5% cream 50g,N
NSAID,ja1K.,traxam 3.17% foam 100g,N
NSAID,ja1M.,feldene 0.5% topical gel 112g,N
NSAID,ja1O.,oruvail gel 30g,N
NSAID,ja1R.,proflex pain relief 5% cream 25g,N
NSAID,ja1S.,traxam 3% topical gel 100g,N
NSAID,ja1T.,felbinac 3.17% foam,N
NSAID,ja1u.,felbinac 3% gel,N
NSAID,ja1U.,ibuprofen 5% gel,N
NSAID,ja1v.,traxam 3% topical gel 50g,N
NSAID,ja1V.,ketoprofen 2.5% gel,N
NSAID,ja1w.,proflex 5% cream 100g,N
NSAID,ja1W.,ibuleve gel,N
NSAID,ja1x.,ibuprofen 5% cream,N
NSAID,ja1y.,piroxicam 0.5% gel,N
NSAID,ja1Y.,diclofenac sodium 1% gel,N
NSAID,ja1z.,feldene 0.5% topical gel 60g,N
NSAID,ja22.,proflex pain relief 5% cream 30g,N
NSAID,ja23.,ibuspray topical spray,N
NSAID,ja24.,ibuprofen 5% spray,N
NSAID,ja25.,ibuleve 5% topical spray,N
NSAID,ja26.,powergel 2.5% gel,N
NSAID,ja28.,powergel 2.5% gel 50g,N
NSAID,ja29.,powergel 2.5% gel 100g,N
NSAID,ja2a.,ibuleve 5% mousse 75g,N
NSAID,ja2A.,deep relief ibuprofen gel 100g,N
NSAID,ja2b.,ibugel forte 10% gel 100g,N
NSAID,ja2d.,ibuleve maximum strength 10% gel 30g,N
NSAID,ja2e.,pennsaid 1.5% topical solution 60ml,N
NSAID,ja2f.,nurofen maximum strength 10% gel 30g,N
NSAID,ja2F.,deep relief ibuprofen gel 15g,N
NSAID,ja2g.,voltarol emulgel p topical gel 30g,N
NSAID,ja2G.,deep relief ibuprofen gel 50g,N
NSAID,ja2h.,ibuleve maximum strength 10% gel 50g,N
NSAID,ja2H.,fenbid 5% gel 100g,N
NSAID,ja2i.,phorpain gel maximum strength 10% gel 30g,N
NSAID,ja2J.,powergel 2.5% gel 50gx2,N
NSAID,ja2K.,traxam pain relief gel 30g,N
NSAID,ja2l.,phorpain 5% gel 100g,N
NSAID,ja2L.,solpaflex gel 30g,N
NSAID,ja2m.,voltarol emulgel p topical gel 50g,N
NSAID,ja2M.,fenbid 5% gel 30g,N
NSAID,ja2N.,fenbid 5% gel 50g,N
NSAID,ja2o.,care ibuprofen 10% gel 50g,N
NSAID,ja2O.,feldene p 0.5% gel 30g,N
NSAID,ja2p.,lloyds pharmacy maximum strength ibuprofen 10% gel 30g,N
NSAID,ja2P.,feldene p 0.5% gel 7.5g,N
NSAID,ja2q.,voltarol pain-eze emulgel 1% topical gel 30g,N
NSAID,ja2Q.,cuprofen 5% gel 30g,N
NSAID,ja2r.,tiloket 2.5% gel 50g,N
NSAID,ja2R.,cuprofen 5% gel 50g,N
NSAID,ja2s.,voltarol gel 1% 10cmx14cm patch,N
NSAID,ja2U.,ibuprofen 5% foam,N
NSAID,ja2V.,ibuleve 5% mousse 125g,N
NSAID,ja2w.,diclofenac 1% 10cmx14cm patch,N
NSAID,ja2W.,ibumousse 5% foam 125g,N
NSAID,ja2X.,fenbid forte 10% gel 100g,N
NSAID,ja2y.,diclofenac sodium 1.5% topical solution,N
NSAID,ja2Y.,tiloket 2.5% gel 100g,N
NSAID,ja2z.,ibuprofen 10% gel,N
NSAID,ja2Z.,nurofen gel 35g,N
NSAID,ja31.,powergel 2.5% dispenser gel 50g,N
NSAID,ja32.,powergel 2.5% dispenser gel 100g,N
NSAID,k67..,oxyphenbutazone,N
NSAID,k671.,tanderil 10% eye ointment 5g,N
NSAID,k672.,tanderil chloramphenicol eye ointment 5g,N
NSAID,k67y.,oxyphenbutazone 10% eye ointment,N
NSAID,k67z.,oxyphenbutazone eye ointment,N
NSAID,k6c..,flurbiprofen sodium [eye],N
NSAID,k6c1.,ocufen 0.03% single-use eye drops 0.4ml,N
NSAID,k6cz.,flurbiprofen sodium 0.03% single-use eye drops 0.4ml,N
NSAID,k6d..,diclofenac sodium [eye],N
NSAID,k6d1.,voltarol ophtha 0.1% single-use eye drops x4,N
NSAID,k6d2.,voltarol ophtha 0.1% single-use eye drops x40,N
NSAID,k6d3.,diclofenac 0.1% single-use eye drops x4,N
NSAID,k6d4.,diclofenac 0.1% single-use eye drops x40,N
NSAID,k6d5.,diclofenac sodium 0.1% single-use eye drops,N
NSAID,k6d6.,voltarol ophtha 0.1% single-use eye drops x5,N
NSAID,k6d7.,diclofenac sodium 0.1% multidose eye drops,N
NSAID,k6d8.,voltarol ophtha 0.1% multidose eye drops 5ml,N
NSAID,k6g..,ketorolac trometamol [eye],N
NSAID,k6g1.,ketorolac trometamol 0.5% ophthalmic solution,N
NSAID,k6g2.,acular 0.5% ophthalmic solution 10ml,N
NSAID,lf3..,flurbiprofen [oropharyngeal],N
NSAID,lf31.,strefen 8.75mg lozenge,N
NSAID,lf32.,streflam 8.75mg lozenge,N
NSAID,lf33.,strefen honey and lemon 8.75mg lozenge,N
NSAID,lf3z.,flurbiprofen 8.75mg lozenge,N
NSAID,mt1..,diclofenac sodium [actinic keratosis],N
NSAID,mt11.,solaraze 3% gel 25g,N
NSAID,mt12.,solaraze 3% gel 50g,N
NSAID,mt13.,solaraze 3% gel 100g,N
NSAID,mt1z.,diclofenac sodium 3% gel,N
NSAID,o4a..,ketorolac trometamol,N
NSAID,o4a1.,ketorolac trometamol 30mg/1ml injection,N
NSAID,o4a2.,toradol 30mg/1ml injection,N
NSAID,o4a3.,ketorolac trometamol 10mg tablet,N
NSAID,o4a4.,toradol 10mg tablet,N
NSAID,o4a5.,ketorolac trometamol 10mg/1ml injection,N
NSAID,o4a6.,toradol 10mg/1ml injection,N
NSAID,x000x,co-codaprin,N
NSAID,x006P,ibuprofen+codeine phosphate,N
NSAID,x00C5,voltarol emulgel,N
NSAID,x00ca,voltarol ophtha 0.1% single-use eye drops,N
NSAID,x00Dx,cinopal 300mg capsule,N
NSAID,x00eL,benoral 2g/5ml s/f suspension,N
NSAID,x00et,aspirin+codeine 300mg/8mg tablet,N
NSAID,x00fB,dolobis 250mg tablet,N
NSAID,x00fF,fepron 600mg tablet,N
NSAID,x00fh,pacifene 400mg tablet,N
NSAID,x00fi,pacifene 200mg tablet,N
NSAID,x00fm,phor pain 400mg tablet,N
NSAID,x00fn,phor pain 200mg tablet,N
NSAID,x00fN,ibrufhalal 200mg tablet,N
NSAID,x00fs,proflex 200mg tablet,N
NSAID,x00fZ,migrafen 200mg tablet,N
NSAID,x00HG,proflex cream,N
NSAID,x00I6,aspirin+glycine 500mg/133mg dispersible tablet,N
NSAID,x00I7,disprin direct dispersible tablet,N
NSAID,x00LC,phenylbutazone 100mg e/c tablet,N
NSAID,x00LD,voltarene 25mg e/c tablet,N
NSAID,x00LE,voltarene 50mg e/c tablet,N
NSAID,x00LU,tanderil eye ointment,N
NSAID,x00Ml,feldene 0.5% gel,N
NSAID,x00Ms,ibuleve sports gel,N
NSAID,x00N4,oruvail gel,N
NSAID,x00Tg,proflex 300mg m/r capsule,N
NSAID,x00Ts,voltaren retard 100mg m/r tablet,N
NSAID,x00Tt,voltarene lp 100mg m/r tablet,N
NSAID,x00xb,topical diclofenac,N
NSAID,x01Kv,aspirin tablets,N
NSAID,x01Kw,rectal aspirin,N
NSAID,x01Kx,aspirin compound preparation,N
NSAID,x01Ky,diclofenac,N
NSAID,x01Kz,oral diclofenac,N
NSAID,x01L0,rectal diclofenac,N
NSAID,x01L1,parenteral diclofenac,N
NSAID,x01L2,felbinac,N
NSAID,x01L3,oral ibuprofen,N
NSAID,x01L4,topical ibuprofen,N
NSAID,x01L5,proflex pain relief cream,N
NSAID,x01L6,ketorolac,N
NSAID,x01L7,nefopam,N
NSAID,x01L8,tanderil chloramphenicol eye ointment,N
NSAID,x026C,lederfen 300mg capsule,N
NSAID,x026D,lederfen f 450mg effervescent tablet,N
NSAID,x026F,feldene sports 0.5% gel,N
NSAID,x026G,traxam foam,N
NSAID,x026Q,ibugel gel,N
NSAID,x026W,traxam gel,N
NSAID,x026x,ocufen 0.03% single-use eye drops,N
NSAID,x026y,flurbiprofen sodium 0.03% single-use eye drops,N
NSAID,x02AA,anadin all-night 500mg m/r tablet,N
NSAID,x02Dr,ibuprofen+menthol 5%/3% gel,N
NSAID,x02Ds,deep relief ibuprofen gel,N
NSAID,x02LX,aspirin,N
NSAID,x02Mm,benorilate,N
NSAID,x02MM,diflunisal,N
NSAID,x02MN,fenoprofen,N
NSAID,x02MO,ibuprofen product,N
NSAID,x02MP,mefenamic acid,N
NSAID,x03dl,fenbid 5% gel,N
NSAID,x03ea,acular 0.5% ophthalmic solution,N
NSAID,x03eb,topical ketorolac,N
NSAID,x03ec,oral ketorolac,N
NSAID,x03ed,parenteral ketorolac,N
NSAID,x03hC,traxam pain relief gel,N
NSAID,x03hs,solpaflex gel,N
NSAID,x03kk,feldene p 0.5% gel,N
NSAID,x03wA,ibuleve 5% mousse,N
NSAID,x049k,cuprofen 5% gel,N
NSAID,x04tL,oral aspirin,N
NSAID,x04vt,ibumousse 5% foam,N
NSAID,x04xv,fenbid forte 10% gel,N
NSAID,x04yU,tiloket 2.5% gel,N
NSAID,x04yw,nurofen gel,N
NSAID,x0588,ibugel forte 10% gel,N
NSAID,x05Bt,ibuleve maximum strength 10% gel,N
NSAID,x05d3,voltarol emulgel p topical gel,N
NSAID,x05FX,pennsaid 16mg/ml cutaneous solution,N
NSAID,x05gD,phorpain gel maximum strength 10% gel,N
NSAID,x05J3,solaraze 3% gel,N
NSAID,x05lh,voltarol ophtha 0.1% multidose eye drops,N
NSAID,x05Mg,nurofen maximum strength 10% gel,N
NSAID,x05q2,phorpain 5% gel,N
NSAID,x05vE,care ibuprofen 10% gel,N
NSAID,x05wW,lloyds pharmacy maximum strength ibuprofen 10% gel,N
NSAID,x05wX,voltarol pain-eze emulgel 1% topical gel,N
NSAID,x05YT,oral ibuprofen compound product,N
NSAID,x05YU,ibuprofen+pseudoephedrine hydrochloride,N
paracetamol,di21.,paracetamol 500mg tablets,N
paracetamol,di22.,paracetamol 500mg soluble tabs,N
paracetamol,di23.,paracetamol 120mg/5ml paediatric oral solution,N
paracetamol,di24.,paracetamol 250mg/5ml mixture,N
paracetamol,di25.,calpol 120mg/5ml suspension 70ml,N
paracetamol,di26.,calpol six plus 250mg/5ml suspension,N
paracetamol,di27.,disprol paediatric 120mg/5ml suspension,N
paracetamol,di28.,paldesic 120mg/5ml syrup 60ml,N
paracetamol,di29.,panadol 500mg capsules,N
paracetamol,di2a.,panadol 500mg tablets,N
paracetamol,di2A.,infadrops 100mg/ml oral solution,N
paracetamol,di2b.,panadol 120mg/5ml elixir,N
paracetamol,di2B.,paracetamol 100mg/ml oral solution,N
paracetamol,di2c.,panadol 500mg soluble tablets,N
paracetamol,di2C.,calpol six plus 250mg/5ml sugar free suspension,N
paracetamol,di2d.,panasorb 500mg tablets,N
paracetamol,di2D.,medinol paediatric 120mg/5ml s/f suspension,N
paracetamol,di2e.,salzone 120mg/5ml syr,N
paracetamol,di2E.,paracetamol 500mg suppositories,N
paracetamol,di2f.,pameton 500mg tablets,N
paracetamol,di2F.,paldesic 120mg/5ml syrup 500ml,N
paracetamol,di2g.,panaleve 120mg/5ml elixir,N
paracetamol,di2G.,paracetamol+methionine 500mg/100mg tablets,N
paracetamol,di2h.,calpol 120mg/5ml sugar free suspension 140ml,N
paracetamol,di2H.,paradote tablets,N
paracetamol,di2i.,calpol 120mg/5ml suspension 140ml,N
paracetamol,di2I.,paracetamol 250mg oro-dispersible tablets,N
paracetamol,di2j.,calpol 120mg/5ml suspension 1l,N
paracetamol,di2J.,paracetamol 240mg suppositories,N
paracetamol,di2k.,paldesic syrup 200ml,N
paracetamol,di2K.,paldesic 120mg/5ml elixir 125ml,N
paracetamol,di2l.,paldesic 120mg/5ml syrup 1l,N
paracetamol,di2L.,paracetamol 120mg suppositories,N
paracetamol,di2m.,calpol 120mg/5ml sugar free suspension 1l,N
paracetamol,di2M.,paracetamol 250mg suppositories,N
paracetamol,di2n.,paracetamol 120mg/5ml oral suspension,N
paracetamol,di2N.,paracetamol 60mg suppositories,N
paracetamol,di2o.,paracetamol 125mg suppositories,N
paracetamol,di2O.,alvedon 250mg suppositories,N
paracetamol,di2p.,alvedon 125mg suppositories,N
paracetamol,di2P.,alvedon 60mg suppositories,N
paracetamol,di2q.,paracetamol 500mg capsules,N
paracetamol,di2Q.,mandanol 500mg tablets,N
paracetamol,di2r.,paracetamol 120mg/5ml sugar free elixir,N
paracetamol,di2R.,tixymol 120mg/5ml sugar free suspension 100ml,N
paracetamol,di2s.,paracetamol 120mg/5ml sugar free suspension,N
paracetamol,di2S.,tixymol 120mg/5ml sugar free suspension 150ml,N
paracetamol,di2t.,medinol over six 250mg/5ml sugar free suspension,N
paracetamol,di2T.,panadol actifast 500mg tablets,N
paracetamol,di2u.,paracetamol 250mg/5ml sugar free suspension,N
paracetamol,di2U.,paracetamol 1g/sachet powder,N
paracetamol,di2v.,paracetamol+methionine 500mg/250mg tablets,N
paracetamol,di2V.,lemsip pharmacy non-decongestant formula sachet powder,N
paracetamol,di2w.,cupanol under six 120mg/5ml sugar free suspension,N
paracetamol,di2W.,calpol fast melts 250mg oro-dispersible tablets,N
paracetamol,di2x.,calpol paediatric 120mg/5ml suspension,N
paracetamol,di2X.,mandanol infant paracetamol 120mg/5ml oral suspension,N
paracetamol,di2y.,calpol paediatric 120mg/5ml sugar free suspension,N
paracetamol,di2Y.,mandanol six+ paracetamol 250mg/5ml oral suspension,N
paracetamol,di2z.,paracetamol 500mg/5ml s/f suspension,N
paracetamol,di2Z.,paracetamol 500mg effervescent tablets,N
paracetamol,dia2.,co-codamol 8mg/500mg tablets,N
paracetamol,dia3.,co-codamol 8mg/500mg dispersible tablets,N
paracetamol,dia6.,co-dydramol tablets,N
paracetamol,dia7.,co-proxamol tablets,N
paracetamol,diaa.,cafadol tablets,N
paracetamol,diaA.,hedex tablets,N
paracetamol,diac.,delimon tablets,N
paracetamol,diaC.,lemsip sachets,N
paracetamol,diad.,distalgesic tablets,N
paracetamol,diaF.,galake tablets,N
paracetamol,diag.,femerital tablets,N
paracetamol,diah.,fortagesic tablets,N
paracetamol,diaI.,paracetamol+codeine phosphate 500mg/30mg/sachet powder,N
paracetamol,diaj.,lobak tablets,N
paracetamol,diaJ.,kapake insts 500mg/30mg/sachet powder,N
paracetamol,diak.,formulix 12mg/5ml elixir,N
paracetamol,diaK.,paracetamol+codeine phosphate 1000mg/60mg/sachet powder,N
paracetamol,dial.,calpol extra tablets,N
paracetamol,diaL.,kapake insts 1000mg/60mg/sachet powder,N
paracetamol,diam.,kapake tablets,N
paracetamol,diaM.,lemsip pharmacy power+paracetamol sachet powder,N
paracetamol,dian.,paracetamol+codeine phosphate 500mg/30mg tablets,N
paracetamol,diao.,kapake capsules,N
paracetamol,diap.,co-codamol 8mg/500mg effervescent tablets,N
paracetamol,diaq.,co-codamol 8mg/500mg capsules,N
paracetamol,diaQ.,lemsip max strength sinus relief capsules,N
paracetamol,diar.,paracodol capsules,N
paracetamol,diaR.,lemsip cold+flu max strength direct lemon sachets,N
paracetamol,dias.,paracetamol+chlormezanone 450mg/100mg tablet,N
paracetamol,diaS.,day and night nurse capsules,N
paracetamol,diaT.,codipar caplets,N
paracetamol,diau.,feminax tablets,N
paracetamol,diaU.,paracetamol+codeine phosphate 500mg/15mg tablets,N
paracetamol,diav.,paracetamol+pentazocine 500mg/15mg tablet,N
paracetamol,diaV.,lemsip cold+flu max strength direct blackcurrant sachets,N
paracetamol,diaw.,cosalgesic tablets,N
paracetamol,diax.,co-proxamol 32.5mg/325mg/5ml s/f suspension,N
paracetamol,diaX.,benylin four flu oral liquid,N
paracetamol,diaY.,benylin four flu tablets,N
paracetamol,diaZ.,benylin day & night tablets,N
paracetamol,dib1.,medised tablets,N
paracetamol,dib3.,medocodeine tablets,N
paracetamol,dib4.,myolgin dispersible tablets,N
paracetamol,dib5.,neurodyne capsules,N
paracetamol,dib6.,norgesic tablets,N
paracetamol,dib7.,paedo-sed syrup,N
paracetamol,dib8.,panadeine tablets,N
paracetamol,dib9.,panadeine forte tablets,N
paracetamol,diba.,panadeine soluble tablets,N
paracetamol,dibb.,paracodol dispersible tablets,N
paracetamol,dibB.,paracetamol+codeine phosphate 500mg/30mg effervescent tabs,N
paracetamol,dibc.,paradeine tablets,N
paracetamol,dibd.,parahypon tablets,N
paracetamol,dibD.,paracetamol+codeine phosphate 500mg/30mg capsules,N
paracetamol,dibe.,parake tablets,N
paracetamol,dibE.,paracetamol+dihydrocodeine tartrate 500mg/20mg tablets,N
paracetamol,dibf.,paramol tablets,N
paracetamol,dibF.,paracetamol+dihydrococeine tartrate 500mg/30mg tablets,N
paracetamol,dibg.,pardale tablets,N
paracetamol,dibG.,tylex effervescent soluble tablets,N
paracetamol,dibh.,paxalgesic tablets,N
paracetamol,dibH.,paracetamol+dihydrocodeine 250mg/20mg effervescent tablets,N
paracetamol,dibi.,pharmidone tablets,N
paracetamol,dibI.,paracetamol+dihydrocodeine 250mg/30mg effervescent tablets,N
paracetamol,dibj.,propain tablets,N
paracetamol,dibJ.,remedeine forte effervescent tablets,N
paracetamol,dibK.,remedeine effervescent tablets,N
paracetamol,dibl.,safapryn tablets,N
paracetamol,dibL.,paracetamol+caffeine 500mg/25mg tablets,N
paracetamol,dibm.,safapryn-co tablets,N
paracetamol,dibM.,paracetamol+codeine phosphate 500mg/13.5mg tablets,N
paracetamol,dibn.,solpadeine soluble effervescent tablets,N
paracetamol,dibN.,panadol ultra tablets,N
paracetamol,dibo.,solpadeine forte dispersible tablets,N
paracetamol,dibO.,paracetamol+diphenhydramine hydrochloride 500mg/25mg tablets,N
paracetamol,dibp.,syndol tablets,N
paracetamol,dibP.,panadol night tablets,N
paracetamol,dibQ.,paracetamol+codeine phosphate 500mg/12.8mg tablets,N
paracetamol,dibr.,unigesic caps,N
paracetamol,dibR.,solpadeine max tablets,N
paracetamol,dibs.,veganin tablets,N
paracetamol,dibS.,solpadol capsules,N
paracetamol,dibt.,tylex 500mg capsules,N
paracetamol,dibT.,paracetamol+diphenhydramine hcl 120/12.5mg/5ml s/f oral soln,N
paracetamol,dibu.,solpadol effervescent tablets,N
paracetamol,dibU.,dozol sugar free syrup,N
paracetamol,dibv.,remedeine tablets,N
paracetamol,dibV.,medised infant oral solution,N
paracetamol,dibw.,remedeine forte tablets,N
paracetamol,dibW.,medocodene 30/500 capsules,N
paracetamol,dibx.,paramol tablets,N
paracetamol,dibX.,ultramol soluble tablets,N
paracetamol,diby.,medised original suspension,N
paracetamol,dibY.,sudafed dual relief capsules,N
paracetamol,dibz.,solpadol caplets,N
paracetamol,dibZ.,otrivine mu-cron tablets,N
paracetamol,dic1.,paracetamol+promet hcl 120mg/1.5mg/5ml colour free s/f susp,N
paracetamol,dic2.,medised colour free and sugar free suspension,N
paracetamol,dic3.,zapain caplets,N
paracetamol,dic4.,zapain capsules,N
paracetamol,dic5.,painex caplets,N
paracetamol,dic9.,day nurse oral solution,N
paracetamol,dicA.,day nurse capsules,N
paracetamol,dicD.,beechams all in one syrup,N
paracetamol,dicE.,tixyplus active relief for colds+flu oral suspension,N
paracetamol,dicF.,paracetamol 500mg / pseudoephedrine 30mg tablets,N
paracetamol,dicG.,non-drowsy sinutab tablets,N
paracetamol,dicI.,vicks medinite syrup,N
paracetamol,dicJ.,solpadeine headache tablets,N
paracetamol,dicK.,solpadeine headache soluble tablets,N
paracetamol,dicL.,ultramol tablets,N
paracetamol,dicM.,ultramol capsules,N
paracetamol,dicN.,kapake 30/500 effervescent tablets,N
paracetamol,dicO.,tramacet 325mg/37.5mg tablets,N
paracetamol,dicQ.,vantage cold relief capsules,N
paracetamol,dicR.,medocodene 30/500 effervescent tablets,N
paracetamol,dicS.,paramol soluble tablets,N
paracetamol,dicT.,care flu strength all in one liquid oral solution,N
paracetamol,dicU.,numark flu strength all-in-one liquid oral solution,N
paracetamol,dicV.,lemsip max daytime cold & flu relief capsules,N
paracetamol,dicy.,paracetamol+dihydrocodeine 500mg/7.46mg effervescent tablets,N
paracetamol,dicz.,paracetamol+tramadol hydrochloride 325mg/37.5mg tablets,N
paracetamol,did1.,paldesic 120mg/5ml oral suspension,N
paracetamol,did2.,paldesic 250mg/5ml oral suspension,N
paracetamol,did3.,anadin paracetamol 500mg tablets,N
paracetamol,did4.,six plus parapaed paracetamol 250mg/5ml s/f oral suspension,N
paracetamol,did5.,junior parapaed paracetamol 120mg/5ml s/f oral suspension,N
paracetamol,did6.,propain plus caplets,N
paracetamol,did7.,paracetamol 1000mg/100ml infusion,N
paracetamol,did8.,perfalgan 1000mg/100ml infusion,N
paracetamol,did9.,calpol infant suspension 120mg/5ml sachets,N
paracetamol,didA.,calpol sugar free infant suspension 120mg/5ml sachets,N
paracetamol,didB.,care junior paracetamol 120mg/5ml s/f oral suspension,N
paracetamol,didC.,perfalgan 500mg/50ml infusion,N
paracetamol,didD.,calpol 120mg/5ml suspension 100ml,N
paracetamol,didE.,calpol 120mg/5ml sugar free suspension 100ml,N
paracetamol,didF.,calpol sugar free infant 120mg/5ml suspension,N
paracetamol,didG.,calpol six plus sugar-free suspension 250mg/5ml sachets,N
paracetamol,didw.,paracetamol 250mg/5ml sugar-free oral suspension sachets,N
paracetamol,didx.,paracetamol 500mg/50ml infusion,N
paracetamol,didy.,paracetamol 120mg/5ml oral suspension sachets,N
paracetamol,didz.,paracetamol 120mg/5ml s/f oral suspension sachets,N
paracetamol,dl13.,migraleve yellow tablets,N
paracetamol,dl1a.,migraleve yellow tablets x48,N
paracetamol,x0095,co-codamol,N
paracetamol,x00dA,disprol junior 120mg soluble tablet,N
paracetamol,x00dB,panadol extra soluble tablet,N
paracetamol,x00dC,paracetamol+caffeine 500mg/65mg tablet,N
paracetamol,x00E6,panaleve plus capsule,N
paracetamol,x00E7,paracetamol+caffeine 500mg/30mg capsule,N
paracetamol,x00E8,paracets 500mg capsule,N
paracetamol,x00eg,fanalgic 125mg/5ml syrup,N
paracetamol,x00el,paracetamol 125mg/5ml syrup,N
paracetamol,x00fE,fanalgic 500mg tablet,N
paracetamol,x00fj,paracetamol+caffeine 450mg/30mg tablet,N
paracetamol,x00fk,paracetamol+caffeine 450mg/25mg tablet,N
paracetamol,x00fl,paracetamol+sodium salicylate 150mg/100mg tablet,N
paracetamol,x00Lu,paldesic 120mg/5ml elixir,N
paracetamol,x00Y2,paracetamol 120mg paediatric soluble tablet,N
paracetamol,x00Z9,doans backache pill,N
paracetamol,x01Kq,paracetamol compound preparation,N
paracetamol,x01Kr,paracetamol+caffeine,N
paracetamol,x01Ks,co-proxamol,N
paracetamol,x02Aa,placidex 120mg/5ml liquid,N
paracetamol,x02Du,medised plain 120mg/5ml suspension,N
paracetamol,x02Dv,medised over 6 250mg/5ml suspension,N
paracetamol,x02Rl,co-dydramol,N
paracetamol,x04ul,paracetamol+caffeine 500mg/65mg soluble tablet,N
paracetamol,x04um,panadol extra tablet,N
paracetamol,x04un,solpadeine plus tablet,N
paracetamol,x04uo,solpadeine plus capsule,N
paracetamol,x04wO,tixymol 120mg/5ml s/f suspension,N
paracetamol,x05Fp,night nurse oral solution,N
paracetamol,x05Fq,night nurse capsule,N
paracetamol,x05pr,paracetamol+pseudoephedrine hydrochloride,N
paracetamol,x05sn,paracetamol+tramadol,N
statin,bxd..,simvastatin,Y
statin,bxd1.,simvastatin 10mg tablets,Y
statin,bxd2.,simvastatin 20mg tablets,Y
statin,bxd3.,zocor 10mg tablets 28cp,Y
statin,bxd4.,zocor 20mg tablets 28cp,Y
statin,bxd5.,simvastatin 40mg tablets,Y
statin,bxd6.,zocor 40mg tablets,Y
statin,bxd7.,zocor 10mg tablets,Y
statin,bxd8.,zocor 20mg tablets,Y
statin,bxd9.,zocor 80mg tablets,Y
statin,bxdA.,simvador 10mg tablets,Y
statin,bxdB.,simvador 20mg tablets,Y
statin,bxdC.,simvador 40mg tablets,Y
statin,bxdD.,ranzolont 10mg tablets,Y
statin,bxdE.,ranzolont 20mg tablets,Y
statin,bxdF.,ranzolont 40mg tablets,Y
statin,bxdG.,zocor heart-pro 10mg tablets,Y
statin,bxdH.,inegy 10mg/20mg tablets,Y
statin,bxdI.,inegy 10mg/40mg tablets,Y
statin,bxdJ.,inegy 10mg/80mg tablets,Y
statin,bxdK.,simvador 80mg tablets,Y
statin,bxdu.,simvastatin 20mg/5ml oral suspension,Y
statin,bxdv.,simvastatin 40mg/5ml oral suspension,Y
statin,bxdw.,simvastatin 80mg/ezetimibe 10mg tablets,Y
statin,bxdx.,simvastatin 40mg/ezetimibe 10mg tablets,Y
statin,bxdy.,simvastatin 20mg/ezetimibe 10mg tablets,Y
statin,bxdz.,simvastatin 80mg tablets,Y
statin,bxe..,pravastatin sodium,Y
statin,bxe1.,pravastatin 10mg tablets,Y
statin,bxe2.,pravastatin 20mg tablets,Y
statin,bxe3.,lipostat 10mg tablets,Y
statin,bxe4.,lipostat 20mg tablets,Y
statin,bxe5.,pravastatin sodium 10mg tablets,Y
statin,bxe6.,pravastatin sodium 20mg tablets,Y
statin,bxe7.,pravastatin sodium 40mg tablets,Y
statin,bxe8.,lipostat 40mg tablets,Y
statin,bxg..,fluvastatin sodium,Y
statin,bxg1.,lescol 20mg capsules,Y
statin,bxg2.,lescol 40mg capsules,Y
statin,bxg3.,fluvastatin 20mg capsules,Y
statin,bxg4.,fluvastatin 40mg capsules,Y
statin,bxg5.,lescol xl 80mg m/r tablets,Y
statin,bxg6.,luvinsta xl 80mg m/r tablets,Y
statin,bxg7.,stefluvin xl 80mg m/r tablets,Y
statin,bxg8.,dorisin xl 80mg m/r tablets,Y
statin,bxg9.,nandovar xl 80mg m/r tablets,Y
statin,bxgz.,fluvastatin 80mg m/r tablets,Y
statin,bxi..,atorvastatin,Y
statin,bxi1.,atorvastatin 10mg tablets,Y
statin,bxi2.,atorvastatin 20mg tablets,Y
statin,bxi3.,atorvastatin 40mg tablets,Y
statin,bxi4.,lipitor 10mg tablets,Y
statin,bxi5.,lipitor 20mg tablets,Y
statin,bxi6.,lipitor 40mg tablets,Y
statin,bxi7.,lipitor 80mg tablets,Y
statin,bxi8.,lipitor 10mg chewable tablets,Y
statin,bxi9.,atorvastatin 10mg chewable tablets,Y
statin,bxiA.,lipitor 20mg chewable tablets,Y
statin,bxiB.,atorvastatin 20mg chewable tablets,Y
statin,bxiy.,atorvastatin 60mg tablets,Y
statin,bxiz.,atorvastatin 80mg tablets,Y
statin,bxk..,rosuvastatin,Y
statin,bxk1.,crestor 10mg tablets,Y
statin,bxk2.,crestor 20mg tablets,Y
statin,bxk3.,crestor 40mg tablets,Y
statin,bxk4.,crestor 5mg tablets,Y
statin,bxkw.,rosuvastatin 5mg tablets,Y
statin,bxkx.,rosuvastatin 10mg tablets,Y
statin,bxky.,rosuvastatin 20mg tablets,Y
statin,bxkz.,rosuvastatin 40mg tablets,Y
statin,x01R2,fluvastatin,Y
statin,x01R3,pravastatin,Y
statin,x05xL,ezetimibe+simvastatin,Y
