read_code,read_term,QOF,cat2,cat1
bc7..,practolol [antiarrhythmic],no,beta-blocker,other prescription
bc71.,eraldin 10mg/5ml injection,no,beta-blocker,other prescription
bc7z.,practolol 10mg/5ml injection,no,beta-blocker,other prescription
bd...,beta-adrenoceptor blockers,no,beta-blocker,other prescription
bd1..,propranolol hydrochloride,no,beta-blocker,other prescription
bd11.,propranolol 10mg tablets,no,beta-blocker,other prescription
bd12.,propranolol 40mg tablets,no,beta-blocker,other prescription
bd13.,propranolol 80mg tablets,no,beta-blocker,other prescription
bd14.,propranolol 160mg tablets,no,beta-blocker,other prescription
bd15.,angilol 10mg tablets,no,beta-blocker,other prescription
bd16.,angilol 40mg tablets,no,beta-blocker,other prescription
bd17.,angilol 80mg tablets,no,beta-blocker,other prescription
bd18.,angilol 160mg tablets,no,beta-blocker,other prescription
bd19.,apsolol 10mg tablets,no,beta-blocker,other prescription
bd1a.,apsolol 40mg tablets,no,beta-blocker,other prescription
bd1A.,propanix 10mg tablets,no,beta-blocker,other prescription
bd1b.,apsolol 80mg tablets,no,beta-blocker,other prescription
bd1B.,propanix 40mg tablets,no,beta-blocker,other prescription
bd1c.,apsolol 160mg tablets,no,beta-blocker,other prescription
bd1C.,propanix 80mg tablets,no,beta-blocker,other prescription
bd1d.,bedranol 10mg tablets,no,beta-blocker,other prescription
bd1D.,propanix 160mg tablets,no,beta-blocker,other prescription
bd1e.,bedranol 40mg tablets,no,beta-blocker,other prescription
bd1E.,propanix sr 160mg m/r capsules,no,beta-blocker,other prescription
bd1f.,bedranol 80mg tablets,no,beta-blocker,other prescription
bd1F.,betadur cr 160mg m/r tablets,no,beta-blocker,other prescription
bd1g.,bedranol sr 160mg m/r capsules,no,beta-blocker,other prescription
bd1G.,beta-prograne 160mg m/r capsules,no,beta-blocker,other prescription
bd1h.,berkolol 10mg tablets,no,beta-blocker,other prescription
bd1H.,propranolol 1mg/1ml injection,no,beta-blocker,other prescription
bd1i.,berkolol 40mg tablets,no,beta-blocker,other prescription
bd1I.,propranolol 5mg/5ml syrup,no,beta-blocker,other prescription
bd1j.,berkolol 80mg tablets,no,beta-blocker,other prescription
bd1J.,propranolol 50mg/5ml syrup,no,beta-blocker,other prescription
bd1k.,berkolol 160mg tablets,no,beta-blocker,other prescription
bd1K.,half-betadur cr 80mg m/r capsules,no,beta-blocker,other prescription
bd1l.,half-inderal la 80mg m/r capsules,no,beta-blocker,other prescription
bd1L.,half beta-prograne 80mg m/r capsules,no,beta-blocker,other prescription
bd1m.,inderal 10mg tablets,no,beta-blocker,other prescription
bd1M.,sloprolol 80mg m/r capsules,no,beta-blocker,other prescription
bd1n.,inderal 40mg tablets,no,beta-blocker,other prescription
bd1N.,probeta la 160mg m/r capsules,no,beta-blocker,other prescription
bd1o.,inderal 80mg tablets,no,beta-blocker,other prescription
bd1O.,lopranol la 160mg m/r capsules,no,beta-blocker,other prescription
bd1p.,inderal 160mg tablets,no,beta-blocker,other prescription
bd1P.,propranolol hydrochloride 10mg/5ml syrup,no,beta-blocker,other prescription
bd1q.,inderal 1mg/1ml injection,no,beta-blocker,other prescription
bd1Q.,propranolol hydrochloride 40mg/5ml syrup,no,beta-blocker,other prescription
bd1r.,inderal-la 160mg m/r capsules,no,beta-blocker,other prescription
bd1R.,propranolol hydrochloride 80mg/5ml syrup,no,beta-blocker,other prescription
bd1s.,sloprolol 160mg m/r capsules,no,beta-blocker,other prescription
bd1S.,half propanix la 80mg m/r capsules,no,beta-blocker,other prescription
bd1t.,cardinol 10mg tablets,no,beta-blocker,other prescription
bd1T.,propanix la 160mg m/r capsules,no,beta-blocker,other prescription
bd1u.,cardinol 40mg tablets,no,beta-blocker,other prescription
bd1U.,half propatard la 80mg m/r capsules,no,beta-blocker,other prescription
bd1v.,cardinol 80mg tablets,no,beta-blocker,other prescription
bd1V.,propatard la 160mg m/r capsules,no,beta-blocker,other prescription
bd1w.,cardinol 160mg tablets,no,beta-blocker,other prescription
bd1W.,propranolol hydrochloride 5mg/5ml sugar free oral solution,no,beta-blocker,other prescription
bd1x.,propranolol 160mg m/r capsules,no,beta-blocker,other prescription
bd1X.,propranolol hydrochloride 10mg/5ml sugar free oral solution,no,beta-blocker,other prescription
bd1y.,propranolol 80mg m/r capsules,no,beta-blocker,other prescription
bd1Y.,propranolol hydrochloride 50mg/5ml sugar free oral solution,no,beta-blocker,other prescription
bd1z.,syprol 10mg/5ml oral solution,no,beta-blocker,other prescription
bd1Z.,syprol 5mg/5ml oral solution,no,beta-blocker,other prescription
bd2..,acebutolol,no,beta-blocker,other prescription
bd21.,sectral 100mg capsules,no,beta-blocker,other prescription
bd22.,sectral 200mg capsules,no,beta-blocker,other prescription
bd23.,sectral 400mg tablets,no,beta-blocker,other prescription
bd24.,sectral 10mg/2ml injection,no,beta-blocker,other prescription
bd2w.,acebutolol 100mg capsules,no,beta-blocker,other prescription
bd2x.,acebutolol 200mg capsules,no,beta-blocker,other prescription
bd2y.,acebutolol 400mg tablets,no,beta-blocker,other prescription
bd2z.,acebutolol 10mg/2ml injection,no,beta-blocker,other prescription
bd3..,atenolol,no,beta-blocker,other prescription
bd31.,tenormin 100mg tablets,no,beta-blocker,other prescription
bd32.,tenormin 25mg/5ml syrup,no,beta-blocker,other prescription
bd33.,tenormin 5mg/10ml injection,no,beta-blocker,other prescription
bd34.,tenormin ls 50mg tablets,no,beta-blocker,other prescription
bd35.,atenolol 50mg tablets,no,beta-blocker,other prescription
bd36.,atenolol 100mg tablets,no,beta-blocker,other prescription
bd37.,tenormin ccu pack,no,beta-blocker,other prescription
bd38.,beta-adalat 50/20mg capsules,no,beta-blocker,other prescription
bd39.,tenif 50/20mg capsules,no,beta-blocker,other prescription
bd3a.,antipressan 50mg tablets,no,beta-blocker,other prescription
bd3b.,antipressan 100mg tablets,no,beta-blocker,other prescription
bd3c.,tenormin 25 tablets,no,beta-blocker,other prescription
bd3d.,vasaten 50mg tablets,no,beta-blocker,other prescription
bd3e.,vasaten 100mg tablets,no,beta-blocker,other prescription
bd3f.,atenix 50mg tablets,no,beta-blocker,other prescription
bd3g.,atenix 100mg tablets,no,beta-blocker,other prescription
bd3h.,totamol 50mg tablets,no,beta-blocker,other prescription
bd3i.,totamol 100mg tablets,no,beta-blocker,other prescription
bd3j.,atenolol 25mg tablets,no,beta-blocker,other prescription
bd3k.,totamol 25mg tablets,no,beta-blocker,other prescription
bd3l.,antipressan 25mg tablets,no,beta-blocker,other prescription
bd3x.,atenolol 25mg/5ml syrup,no,beta-blocker,other prescription
bd3y.,atenolol 5mg/10ml injection,no,beta-blocker,other prescription
bd3z.,atenix 25mg tablets,no,beta-blocker,other prescription
bd4..,betaxolol hcl [b-blocker],no,beta-blocker,other prescription
bd41.,kerlone 20mg tablets,no,beta-blocker,other prescription
bd4z.,betaxolol hydrochloride 20mg tablets,no,beta-blocker,other prescription
bd5..,labetalol hydrochloride,no,beta-blocker,other prescription
bd51.,labetalol 100mg tablets,no,beta-blocker,other prescription
bd52.,labetalol 200mg tablets,no,beta-blocker,other prescription
bd53.,labetalol 400mg tablets,no,beta-blocker,other prescription
bd54.,labrocol 100mg tablets,no,beta-blocker,other prescription
bd55.,labrocol 200mg tablets,no,beta-blocker,other prescription
bd56.,labrocol 400mg tablets,no,beta-blocker,other prescription
bd57.,trandate 50mg tablets,no,beta-blocker,other prescription
bd58.,trandate 100mg tablets,no,beta-blocker,other prescription
bd59.,trandate 200mg tablets,no,beta-blocker,other prescription
bd5a.,trandate 400mg tablets,no,beta-blocker,other prescription
bd5b.,trandate 100mg/20ml injection,no,beta-blocker,other prescription
bd5c.,labetalol hydrochloride 50mg/10ml prefilled syringe,no,beta-blocker,other prescription
bd5t.,labetalol 100mg tablets,no,beta-blocker,other prescription
bd5u.,labetalol 200mg tablets,no,beta-blocker,other prescription
bd5v.,labetalol 50mg tablets,no,beta-blocker,other prescription
bd5w.,labetalol 100mg tablets,no,beta-blocker,other prescription
bd5x.,labetalol 200mg tablets,no,beta-blocker,other prescription
bd5y.,labetalol 400mg tablets,no,beta-blocker,other prescription
bd5z.,labetalol 100mg/20ml injection,no,beta-blocker,other prescription
bd6..,metoprolol tartrate,no,beta-blocker,other prescription
bd61.,betaloc 50mg tablets,no,beta-blocker,other prescription
bd62.,betaloc 100mg tablets,no,beta-blocker,other prescription
bd63.,betaloc 5mg/5ml injection,no,beta-blocker,other prescription
bd64.,betaloc-sa durules 200mg m/r tablets,no,beta-blocker,other prescription
bd65.,lopresor 50mg tablets,no,beta-blocker,other prescription
bd66.,lopresor 100mg tablets,no,beta-blocker,other prescription
bd67.,mepranix 50mg tablets,no,beta-blocker,other prescription
bd68.,mepranix 100mg tablets,no,beta-blocker,other prescription
bd6a.,lopresor 5mg/5ml injection,no,beta-blocker,other prescription
bd6b.,lopresor sr 200mg m/r tablets,no,beta-blocker,other prescription
bd6c.,arbralene 50mg tablets,no,beta-blocker,other prescription
bd6d.,arbralene 100mg tablets,no,beta-blocker,other prescription
bd6e.,tensomex 100mg tablets,no,beta-blocker,other prescription
bd6w.,metoprolol 100mg tablets,no,beta-blocker,other prescription
bd6x.,metoprolol 50mg tablets,no,beta-blocker,other prescription
bd6y.,metoprolol 5mg/5ml injection,no,beta-blocker,other prescription
bd6z.,metoprolol 200mg m/r tablets,no,beta-blocker,other prescription
bd7..,nadolol,no,beta-blocker,other prescription
bd71.,corgard 40mg tablets,no,beta-blocker,other prescription
bd72.,corgard 80mg tablets,no,beta-blocker,other prescription
bd7y.,nadolol 40mg tablets,no,beta-blocker,other prescription
bd7z.,nadolol 80mg tablets,no,beta-blocker,other prescription
bd8..,oxprenolol hydrochloride,no,beta-blocker,other prescription
bd81.,oxprenolol 20mg tablets,no,beta-blocker,other prescription
bd82.,oxprenolol 40mg tablets,no,beta-blocker,other prescription
bd83.,oxprenolol 80mg tablets,no,beta-blocker,other prescription
bd84.,oxprenolol 160mg tablets,no,beta-blocker,other prescription
bd85.,apsolox 20mg tablets,no,beta-blocker,other prescription
bd86.,apsolox 40mg tablets,no,beta-blocker,other prescription
bd87.,apsolox 80mg tablets,no,beta-blocker,other prescription
bd88.,apsolox 160mg tablets,no,beta-blocker,other prescription
bd89.,laracor 20mg tablets,no,beta-blocker,other prescription
bd8a.,laracor 40mg tablets,no,beta-blocker,other prescription
bd8b.,laracor 80mg tablets,no,beta-blocker,other prescription
bd8c.,laracor 160mg tablets,no,beta-blocker,other prescription
bd8d.,slow-pren 160mg m/r tablets,no,beta-blocker,other prescription
bd8e.,slow-trasicor 160mg m/r tablets,no,beta-blocker,other prescription
bd8f.,trasicor 20mg tablets,no,beta-blocker,other prescription
bd8g.,trasicor 40mg tablets,no,beta-blocker,other prescription
bd8h.,trasicor 80mg tablets,no,beta-blocker,other prescription
bd8i.,trasicor 160mg tablets,no,beta-blocker,other prescription
bd8j.,trasicor 2mg injection,no,beta-blocker,other prescription
bd8k.,paritane 20mg tablets,no,beta-blocker,other prescription
bd8l.,paritane 40mg tablets,no,beta-blocker,other prescription
bd8m.,paritane 80mg tablets,no,beta-blocker,other prescription
bd8n.,paritane 160mg tablets,no,beta-blocker,other prescription
bd8o.,oxyprenix 160mg m/r tablets,no,beta-blocker,other prescription
bd8u.,oxprenolol 160mg m/r tablets,no,beta-blocker,other prescription
bd9..,penbutolol sulphate[ingredient],no,beta-blocker,other prescription
bda..,pindolol,no,beta-blocker,other prescription
bda1.,visken 5mg tablets,no,beta-blocker,other prescription
bda2.,visken 15mg tablets,no,beta-blocker,other prescription
bda3.,betadren 5mg tablets,no,beta-blocker,other prescription
bda4.,betadren 15mg tablets,no,beta-blocker,other prescription
bday.,pindolol 5mg tablets,no,beta-blocker,other prescription
bdaz.,pindolol 15mg tablets,no,beta-blocker,other prescription
bdb..,practolol [b-blocker],no,beta-blocker,other prescription
bdc..,sotalol hydrochloride,no,beta-blocker,other prescription
bdc1.,beta-cardone 40mg tablets,no,beta-blocker,other prescription
bdc2.,beta-cardone 80mg tablets,no,beta-blocker,other prescription
bdc3.,beta-cardone 200mg tablets,no,beta-blocker,other prescription
bdc4.,sotacor 80mg tablets,no,beta-blocker,other prescription
bdc5.,sotacor 160mg tablets,no,beta-blocker,other prescription
bdc6.,sotacor 10mg/5ml injection,no,beta-blocker,other prescription
bdc7.,sotacor 100mg/10ml injection,no,beta-blocker,other prescription
bdc8.,sotacor 40mg/4ml injection,no,beta-blocker,other prescription
bdcs.,sotalol 40mg/4ml injection,no,beta-blocker,other prescription
bdcu.,sotalol 40mg tablets,no,beta-blocker,other prescription
bdcv.,sotalol 80mg tablets,no,beta-blocker,other prescription
bdcw.,sotalol 200mg tablets,no,beta-blocker,other prescription
bdcx.,sotalol 160mg tablets,no,beta-blocker,other prescription
bdcy.,sotalol 10mg/5ml injection,no,beta-blocker,other prescription
bdcz.,sotalol 100mg/10ml injection,no,beta-blocker,other prescription
bdd..,timolol maleate [b-blocker],no,beta-blocker,other prescription
bdd1.,betim 10mg tablets,no,beta-blocker,other prescription
bdd2.,blocadren 10mg tablets,no,beta-blocker,other prescription
bddz.,timolol 10mg tablets,no,beta-blocker,other prescription
bde..,compound beta-blockers,no,beta-blocker,other prescription
bde1.,co-betaloc tablets,no,beta-blocker,other prescription
bde2.,co-betaloc sa m/r tablets,no,beta-blocker,other prescription
bde3.,corgaretic-40 tablets,no,beta-blocker,other prescription
bde4.,corgaretic-80 tablets,no,beta-blocker,other prescription
bde5.,inderetic capsules,no,beta-blocker,other prescription
bde6.,inderex m/r capsules,no,beta-blocker,other prescription
bde7.,kalten capsules,no,beta-blocker,other prescription
bde8.,lasipressin tablets,no,beta-blocker,other prescription
bde9.,lopresoretic tablets,no,beta-blocker,other prescription
bdea.,moducren tablets,no,beta-blocker,other prescription
bdeA.,metoprolol tart+hydrochlorothiazide 100mg/12.5mg tablets,no,beta-blocker,other prescription
bdeb.,prestim tablets,no,beta-blocker,other prescription
bdeB.,metoprolol tart+hydrochlorothiazide 200mg/25mg m/r tablets,no,beta-blocker,other prescription
bdec.,prestim forte tablets,no,beta-blocker,other prescription
bdeC.,metoprolol tart+chlorthalidone 100mg/12.5mg tablets,no,beta-blocker,other prescription
bded.,secadrex tablets,no,beta-blocker,other prescription
bdeD.,nadolol+bendroflumethiazide 40mg/5mg tablets,no,beta-blocker,other prescription
bdee.,sotazide tablets,no,beta-blocker,other prescription
bdeE.,nadolol+bendrofluazide 80mg/5mg tablets,no,beta-blocker,other prescription
bdef.,spiroprop tablets,no,beta-blocker,other prescription
bdeF.,penbutolol sulphate+frusemide 40mg/20mg tablets,no,beta-blocker,other prescription
bdeg.,tenoret-50 tablets,no,beta-blocker,other prescription
bdeG.,pindolol+clopamide 10mg/5mg tablets,no,beta-blocker,other prescription
bdeh.,tenoretic tablets,no,beta-blocker,other prescription
bdeH.,sotalol hcl+hydrochlorothiazide 160mg/25mg tablets,no,beta-blocker,other prescription
bdei.,tolerzide tablets,no,beta-blocker,other prescription
bdej.,trasidrex tablets,no,beta-blocker,other prescription
bdeJ.,sotalol hcl+hydrochlorothiazide 80mg/12.5mg tablets,no,beta-blocker,other prescription
bdek.,viskaldix tablets,no,beta-blocker,other prescription
bdeK.,timolol maleate+co-amilozide 10mg/2.5mg/25mg tablets,no,beta-blocker,other prescription
bdel.,co-prenozide tablets,no,beta-blocker,other prescription
bdeL.,timolol maleate+bendroflumethiazide 10mg/2.5mg tablets,no,beta-blocker,other prescription
bdem.,co-tenidone 50/12.5mg tablets,no,beta-blocker,other prescription
bdeM.,timolol maleate+bendrofluazide 20mg/5mg tablets,no,beta-blocker,other prescription
bden.,co-tenidone 100/25mg tablets,no,beta-blocker,other prescription
bdeN.,totaretic 50mg/12.5mg tablets,no,beta-blocker,other prescription
bdeo.,atenixco 50/12.5mg tablets,no,beta-blocker,other prescription
bdeO.,totaretic 100mg/25mg tablets,no,beta-blocker,other prescription
bdep.,atenixco 100/25mg tablets,no,beta-blocker,other prescription
bdeP.,atenolol+bendrofluazide 25mg/1.25mg capsules,no,beta-blocker,other prescription
bdeq.,tenchlor 50/12.5mg tablets,no,beta-blocker,other prescription
bdeQ.,tenben capsules,no,beta-blocker,other prescription
bder.,tenchlor 100/25mg tablets,no,beta-blocker,other prescription
bdeR.,combitens m/r capsules,no,beta-blocker,other prescription
bdes.,beta-adalat 50/20mg capsules,no,beta-blocker,other prescription
bdet.,tenif 50/20mg capsules,no,beta-blocker,other prescription
bdeu.,co-prenozide 160/0.25mg m/r tablets,no,beta-blocker,other prescription
bdev.,propranolol hcl+bendrofluazide 80mg/2.5mg capsules,no,beta-blocker,other prescription
bdew.,propranolol hcl+bendrofluazide 160mg/5mg m/r capsules,no,beta-blocker,other prescription
bdex.,acebutolol+hydrochlorothiazide 200mg/12.5mg tablets,no,beta-blocker,other prescription
bdey.,atenolol+co-amilozide 50mg/2.5mg/25mg capsules,no,beta-blocker,other prescription
bdez.,atenolol+nifedipine 50mg/20mg m/r capsules,no,beta-blocker,other prescription
bdf..,bisoprolol fumarate,yes,beta-blocker,other prescription
bdf1.,bisoprolol fumarate 5mg tablets,yes,beta-blocker,other prescription
bdf2.,bisoprolol fumarate 10mg tablets,yes,beta-blocker,other prescription
bdf3.,monocor 5mg tablets,yes,beta-blocker,other prescription
bdf4.,monocor 10mg tablets,yes,beta-blocker,other prescription
bdf5.,emcor ls 5mg tablets,yes,beta-blocker,other prescription
bdf6.,emcor 10mg tablets,yes,beta-blocker,other prescription
bdf8.,bisoprolol fumarate+hydrochlorothiazide 10mg/6.25mg tablets,yes,beta-blocker,other prescription
bdf9.,cardicor 1.25mg tablets,yes,beta-blocker,other prescription
bdfA.,cardicor 2.5mg tablets,yes,beta-blocker,other prescription
bdfB.,cardicor 3.75mg tablets,yes,beta-blocker,other prescription
bdfC.,cardicor 5mg tablets,yes,beta-blocker,other prescription
bdfD.,cardicor 7.5mg tablets,yes,beta-blocker,other prescription
bdfE.,cardicor 10mg tablets,yes,beta-blocker,other prescription
bdfF.,bipranix 5mg tablets,yes,beta-blocker,other prescription
bdfG.,bipranix 10mg tablets,yes,beta-blocker,other prescription
bdfH.,soloc 5mg tablets,yes,beta-blocker,other prescription
bdfI.,soloc 10mg tablets,yes,beta-blocker,other prescription
bdfJ.,vivacor 10mg tablets,yes,beta-blocker,other prescription
bdfK.,vivacor 5mg tablets,yes,beta-blocker,other prescription
bdfL.,congescor 1.25mg tablets,yes,beta-blocker,other prescription
bdfM.,congescor 2.5mg tablets,yes,beta-blocker,other prescription
bdfw.,bisoprolol fumarate 1.25mg tablets,yes,beta-blocker,other prescription
bdfx.,bisoprolol fumarate 2.5mg tablets,yes,beta-blocker,other prescription
bdfy.,bisoprolol fumarate 3.75mg tablets,yes,beta-blocker,other prescription
bdfz.,bisoprolol fumarate 7.5mg tablets,yes,beta-blocker,other prescription
bdg..,xamoterol fumarate,no,beta-blocker,other prescription
bdg1.,xamoterol 200mg tablets,no,beta-blocker,other prescription
bdg2.,corwin 200mg tablets,no,beta-blocker,other prescription
bdh..,metoprolol fumarate,no,beta-blocker,other prescription
bdh1.,metoprolol fumarate 190mg tablets,no,beta-blocker,other prescription
bdh2.,metoprolol fumarate 95mg tablets,no,beta-blocker,other prescription
bdh3.,metoros 190mg tablets,no,beta-blocker,other prescription
bdh4.,metoros 95mg tablets,no,beta-blocker,other prescription
bdi..,carteolol hydrochloride,no,beta-blocker,other prescription
bdi1.,carteolol 10mg tablets,no,beta-blocker,other prescription
bdi2.,cartrol 10mg tablets,no,beta-blocker,other prescription
bdj..,celiprolol hydrochloride,no,beta-blocker,other prescription
bdj1.,celiprolol 200mg tablets,no,beta-blocker,other prescription
bdj2.,celectol 200mg tablets 28-cp,no,beta-blocker,other prescription
bdj3.,celectol 200mg tablets,no,beta-blocker,other prescription
bdj4.,celiprolol 400mg tablets,no,beta-blocker,other prescription
bdj5.,celectol 400mg tablets,no,beta-blocker,other prescription
bdk..,esmolol hydrochloride,no,beta-blocker,other prescription
bdk1.,esmolol hcl 2.5g/10ml injection,no,beta-blocker,other prescription
bdk2.,esmolol hcl 100mg/10ml injection,no,beta-blocker,other prescription
bdk3.,brevibloc concentrate 2.5g/10ml injection,no,beta-blocker,other prescription
bdk4.,brevibloc 100mg/10ml injection,no,beta-blocker,other prescription
bdk5.,esmolol hydrochloride 10mg/ml infusion solution,no,beta-blocker,other prescription
bdk6.,brevibloc 10mg/ml infusion solution,no,beta-blocker,other prescription
bdl..,carvedilol,yes,beta-blocker,other prescription
bdl1.,eucardic 12.5 tablets,yes,beta-blocker,other prescription
bdl2.,eucardic 25 tablets,yes,beta-blocker,other prescription
bdl3.,carvedilol 12.5mg tablets,yes,beta-blocker,other prescription
bdl4.,carvedilol 25mg tablets,yes,beta-blocker,other prescription
bdl5.,carvedilol 3.125mg tablets,yes,beta-blocker,other prescription
bdl6.,carvedilol 6.25mg tablets,yes,beta-blocker,other prescription
bdl7.,eucardic 3.125 tablets,yes,beta-blocker,other prescription
bdl8.,eucardic 6.25 tablets,yes,beta-blocker,other prescription
bdm..,nebivolol,yes,beta-blocker,other prescription
bdm1.,nebilet 5mg tablets,yes,beta-blocker,other prescription
bdm2.,hypoloc 5mg tablets,yes,beta-blocker,other prescription
bdmy.,nebivolol 2.5mg tablets,yes,beta-blocker,other prescription
bdmz.,nebivolol 5mg tablets,yes,beta-blocker,other prescription
bdn..,propranolol hydrochloride [2],no,beta-blocker,other prescription
bdn1.,syprol 50mg/5ml oral solution,no,beta-blocker,other prescription
bdn2.,bedranol sr 80mg m/r capsules,no,beta-blocker,other prescription
bdn3.,rapranol sr 80mg m/r capsules,no,beta-blocker,other prescription
bdn4.,rapranol sr 160mg m/r capsules,no,beta-blocker,other prescription
bdn5.,syprol 40mg/5ml oral solution,no,beta-blocker,other prescription
bdn6.,propranolol hydrochloride 40mg/5ml sugar free oral solution,no,beta-blocker,other prescription
k8b..,metipranolol,no,beta-blocker,other prescription
k8g..,levobunolol hydrochloride,no,beta-blocker,other prescription
x0004,acebutolol+diuretic,no,beta-blocker,other prescription
x000z,atenolol+calcium channel blocker,no,beta-blocker,other prescription
x0010,atenolol+diuretic,no,beta-blocker,other prescription
x007i,metoprolol+diuretic,no,beta-blocker,other prescription
x007v,modified release oxprenolol,no,beta-blocker,other prescription
x007w,modified release propranolol,no,beta-blocker,other prescription
x0087,nadolol+diuretic,no,beta-blocker,other prescription
x008y,oxprenolol+diuretic,no,beta-blocker,other prescription
x009S,pindolol+diuretic,no,beta-blocker,other prescription
x00A3,propranolol+diuretic,no,beta-blocker,other prescription
x00B4,sotalol hydrochloride+diuretic,no,beta-blocker,other prescription
x00BL,timolol maleate+diuretic,no,beta-blocker,other prescription
x00Tb,avlocardyl retard 160mg m/r capsule,no,beta-blocker,other prescription
x00Te,inderal retard 160mg m/r capsule,no,beta-blocker,other prescription
x00Tr,trasicor retard 160mg m/r tablet,no,beta-blocker,other prescription
x01Bz,cardioselective beta-blocker,no,beta-blocker,other prescription
x01C0,betaxolol,no,beta-blocker,other prescription
x01C1,bisoprolol,yes,beta-blocker,other prescription
x01C2,celiprolol,no,beta-blocker,other prescription
x01C3,esmolol,no,beta-blocker,other prescription
x01C4,metoprolol,no,beta-blocker,other prescription
x01C5,non-cardioselective beta-blocker,no,beta-blocker,other prescription
x01C6,carteolol,no,beta-blocker,other prescription
x01C7,labetalol,no,beta-blocker,other prescription
x01C8,levobunolol,no,beta-blocker,other prescription
x01CA,oxprenolol,no,beta-blocker,other prescription
x01CB,penbutolol,no,beta-blocker,other prescription
x01CC,practolol,no,beta-blocker,other prescription
x01CD,propranolol,no,beta-blocker,other prescription
x01CE,oral propranolol,no,beta-blocker,other prescription
x01CF,parenteral propranolol,no,beta-blocker,other prescription
x01CG,sotalol,no,beta-blocker,other prescription
x01CH,oral sotalol,no,beta-blocker,other prescription
x01CI,parenteral sotalol,no,beta-blocker,other prescription
x01CJ,timolol,no,beta-blocker,other prescription
x01CK,oral timolol,no,beta-blocker,other prescription
x02Rk,co-tenidone,no,beta-blocker,other prescription
x02SC,co-prenozide,no,beta-blocker,other prescription
x03jn,atenolol+bendroflumethiazide,no,beta-blocker,other prescription
x03jo,atenolol+co-amilozide,no,beta-blocker,other prescription
j21..,azapropazone,no,NSAID,other prescription
j211.,rheumox 300mg capsules,no,NSAID,other prescription
j212.,rheumox 600mg tablets,no,NSAID,other prescription
j21y.,azapropazone 300mg capsules,no,NSAID,other prescription
j21z.,azapropazone 600mg tablets,no,NSAID,other prescription
j22..,diclofenac sodium,no,NSAID,other prescription
j221.,voltarol 25mg tablets,no,NSAID,other prescription
j222.,voltarol 50mg tablets,no,NSAID,other prescription
j223.,voltarol 75mg/3ml injection,no,NSAID,other prescription
j224.,voltarol 100mg suppositories,no,NSAID,other prescription
j225.,voltarol 12.5mg paediatric suppositories,no,NSAID,other prescription
j226.,voltarol retard 100mg m/r tablets,no,NSAID,other prescription
j227.,rhumalgan 25mg e/c tablets,no,NSAID,other prescription
j228.,rhumalgan 50mg e/c tablets,no,NSAID,other prescription
j229.,diclofenac 75mg/3ml injection,no,NSAID,other prescription
j22A.,flamrase sr 100mg m/r tablets,no,NSAID,other prescription
j22B.,motifene 75mg e/c+m/r capsules,no,NSAID,other prescription
j22C.,diclofenac sodium 75mg m/r capsules,no,NSAID,other prescription
j22D.,voltarol 25mg suppositories,no,NSAID,other prescription
j22E.,voltarol 50mg suppositories,no,NSAID,other prescription
j22F.,diclofenac sodium 25mg suppositories,no,NSAID,other prescription
j22G.,diclofenac sodium 50mg suppositories,no,NSAID,other prescription
j22H.,diclomax sr 75mg m/r capsules,no,NSAID,other prescription
j22I.,dicloflex 25mg e/c tablets,no,NSAID,other prescription
j22J.,dicloflex 50mg e/c tablets,no,NSAID,other prescription
j22K.,dicloflex retard 100mg m/r tablets,no,NSAID,other prescription
j22L.,lofensaid-25 tablets,no,NSAID,other prescription
j22M.,lofensaid-50 tablets,no,NSAID,other prescription
j22N.,rhumalgan cr 100mg m/r tablets,no,NSAID,other prescription
j22O.,rhumalgan cr 75mg m/r tablets,no,NSAID,other prescription
j22P.,volsaid retard 75mg m/r tablets,no,NSAID,other prescription
j22Q.,volsaid retard 100mg m/r tablets,no,NSAID,other prescription
j22R.,diclofenac 75mg e/c+m/r capsules,no,NSAID,other prescription
j22S.,lofensaid retard 75 m/r tablets,no,NSAID,other prescription
j22T.,lofensaid retard 100 m/r tablets,no,NSAID,other prescription
j22U.,slofenac sr 100mg m/r tablets,no,NSAID,other prescription
j22V.,slofenac sr 75mg m/r tablets,no,NSAID,other prescription
j22W.,digenac xl 100 m/r tablets,no,NSAID,other prescription
j22X.,flexotard 100mg m/r tablets,no,NSAID,other prescription
j22Y.,diclotard 75 m/r tablets,no,NSAID,other prescription
j22Z.,diclotard 100 m/r tablets,no,NSAID,other prescription
j22a.,diclofenac 100mg suppositories,no,NSAID,other prescription
j22b.,diclofenac 12.5mg paediatric suppositories,no,NSAID,other prescription
j22c.,diclofenac 100mg m/r tablets,no,NSAID,other prescription
j22d.,diclofenac 25mg e/c tablets,no,NSAID,other prescription
j22e.,diclofenac 50mg e/c tablets,no,NSAID,other prescription
j22f.,volraman 25mg tablets,no,NSAID,other prescription
j22g.,volraman 50mg tablets,no,NSAID,other prescription
j22h.,voltarol 50mg dispersible tablets,no,NSAID,other prescription
j22i.,diclofenac 50mg dispersible tablets,no,NSAID,other prescription
j22j.,valenac 25mg e/c tablets,no,NSAID,other prescription
j22k.,valenac 50mg e/c tablets,no,NSAID,other prescription
j22l.,diclozip 25mg tablets,no,NSAID,other prescription
j22m.,diclozip 50mg tablets,no,NSAID,other prescription
j22n.,voltarol sr 75mg m/r tablets,no,NSAID,other prescription
j22o.,arthrotec 50 tablets,no,NSAID,other prescription
j22p.,diclofenac sodium+misoprostol 50mg/200micrograms tablets,no,NSAID,other prescription
j22q.,diclomax retard 100mg m/r capsules,no,NSAID,other prescription
j22r.,diclofenac 100mg m/r capsules,no,NSAID,other prescription
j22s.,isclofen 50mg e/c tablets,no,NSAID,other prescription
j22t.,diclofenac sodium+misoprostol 75mg/200micrograms tablets,no,NSAID,other prescription
j22u.,diclofenac sodium 25mg tablets,no,NSAID,other prescription
j22v.,diclofenac sodium 50mg tablets,no,NSAID,other prescription
j22w.,flamrase 25mg tablets,no,NSAID,other prescription
j22x.,flamrase 50mg tablets,no,NSAID,other prescription
j22y.,diclofenac sodium 75mg m/r tablets,no,NSAID,other prescription
j22z.,arthrotec 75 tablets,no,NSAID,other prescription
j23..,diflunisal [musculoskeletal use],no,NSAID,other prescription
j231.,dolobid 250mg tablets,no,NSAID,other prescription
j232.,dolobid 500mg tablets,no,NSAID,other prescription
j233.,diflunisal 250mg tablets,no,NSAID,other prescription
j234.,diflunisal 500mg tablets,no,NSAID,other prescription
j24..,etodolac,no,NSAID,other prescription
j241.,lodine 200mg capsules,no,NSAID,other prescription
j242.,ramodar 200mg tablets,no,NSAID,other prescription
j243.,etodolac 200mg capsules,no,NSAID,other prescription
j244.,lodine 300mg capsules,no,NSAID,other prescription
j245.,lodine 200mg tablets,no,NSAID,other prescription
j246.,etodolac 200mg tablets,no,NSAID,other prescription
j247.,etodolac 300mg capsules,no,NSAID,other prescription
j248.,lodine sr 600mg m/r tablets,no,NSAID,other prescription
j249.,etodolac 600mg m/r tablets,no,NSAID,other prescription
j24A.,ebretin 200mg capsules,no,NSAID,other prescription
j24B.,ebretin 300mg capsules,no,NSAID,other prescription
j24C.,eccoxolac 300mg capsules,no,NSAID,other prescription
j24D.,etopan xl 600mg m/r tablets,no,NSAID,other prescription
j25..,fenbufen,no,NSAID,other prescription
j251.,lederfen 300mg capsules x21,no,NSAID,other prescription
j252.,lederfen cp 300mg capsules x84,no,NSAID,other prescription
j253.,lederfen 300mg tablets,no,NSAID,other prescription
j254.,lederfen cp 300mg tablets,no,NSAID,other prescription
j255.,lederfen 450mg tablets,no,NSAID,other prescription
j256.,lederfen f 450mg effervescent tablets 56,no,NSAID,other prescription
j257.,fenbufen 300mg capsules,no,NSAID,other prescription
j258.,fenbufen 300mg tablets,no,NSAID,other prescription
j259.,fenbuzip 300mg capsules,no,NSAID,other prescription
j25A.,fenbuzip 300mg tablets,no,NSAID,other prescription
j25B.,fenbuzip 450mg tablets,no,NSAID,other prescription
j25y.,fenbufen 450mg tablets,no,NSAID,other prescription
j25z.,fenbufen 450mg effervescent tablets,no,NSAID,other prescription
j26..,fenoprofen [musculoskeletal use],no,NSAID,other prescription
j261.,fenopron 300mg tablets,no,NSAID,other prescription
j262.,fenopron 600mg tablets,no,NSAID,other prescription
j263.,fenoprofen 300mg tablets,no,NSAID,other prescription
j264.,fenoprofen 600mg tablets,no,NSAID,other prescription
j27..,flurbiprofen,no,NSAID,other prescription
j271.,froben 50mg tablets,no,NSAID,other prescription
j272.,froben 100mg tablets,no,NSAID,other prescription
j273.,froben 100mg suppositories,no,NSAID,other prescription
j274.,froben sr 200mg capsules,no,NSAID,other prescription
j275.,flurbiprofen 200mg m/r capsules,no,NSAID,other prescription
j27x.,flurbiprofen 50mg tablets,no,NSAID,other prescription
j27y.,flurbiprofen 100mg tablets,no,NSAID,other prescription
j27z.,flurbiprofen 100mg suppositories,no,NSAID,other prescription
j28..,ibuprofen [musculoskeletal use],no,NSAID,other prescription
j281.,ibuprofen 200mg tablets,no,NSAID,other prescription
j282.,ibuprofen 400mg tablets,no,NSAID,other prescription
j283.,ibuprofen 600mg tablets,no,NSAID,other prescription
j284.,apsifen 200mg tablets,no,NSAID,other prescription
j285.,apsifen 400mg tablets,no,NSAID,other prescription
j286.,apsifen f 600mg effervescent tablets,no,NSAID,other prescription
j287.,brufen 200mg tablets,no,NSAID,other prescription
j288.,brufen 400mg tablets,no,NSAID,other prescription
j289.,brufen 600mg tablets,no,NSAID,other prescription
j28A.,brufen retard 800mg m/r tablets,no,NSAID,other prescription
j28B.,ibuprofen 800mg m/r tablets,no,NSAID,other prescription
j28C.,cuprofen 200mg tablets,no,NSAID,other prescription
j28D.,isisfen 400mg tablets,no,NSAID,other prescription
j28E.,lidifen 200mg tablets,no,NSAID,other prescription
j28F.,lidifen 400mg tablets,no,NSAID,other prescription
j28G.,lidifen 600mg tablets,no,NSAID,other prescription
j28H.,codafen continus m/r tablets,no,NSAID,other prescription
j28I.,nurofen plus tablets,no,NSAID,other prescription
j28J.,junifen 100mg/5ml sugar free suspension,no,NSAID,other prescription
j28K.,ibumed 400mg tablets,no,NSAID,other prescription
j28M.,rimafen 200mg tablets,no,NSAID,other prescription
j28N.,rimafen 400mg tablets,no,NSAID,other prescription
j28O.,ibuprofen+codeine phosphate 200mg/12.5mg tablets,no,NSAID,other prescription
j28P.,ibuprofen 600mg/sachet effervescent granules,no,NSAID,other prescription
j28R.,inoven 200mg caplets,no,NSAID,other prescription
j28S.,relcofen 200mg tablets,no,NSAID,other prescription
j28T.,relcofen 400mg tablets,no,NSAID,other prescription
j28U.,solpaflex tablets,no,NSAID,other prescription
j28V.,ibuprofen+codeine phosphate 200mg/12.8mg tablets,no,NSAID,other prescription
j28W.,advil 200mg tablets,no,NSAID,other prescription
j28X.,advil extra strength 400mg tablets,no,NSAID,other prescription
j28Y.,ibuprofen 100mg/5ml sugar free syrup,no,NSAID,other prescription
j28Z.,anadin ibuprofen 200mg tablets,no,NSAID,other prescription
j28a.,brufen 100mg/5ml syrup,no,NSAID,other prescription
j28b.,ebufac 200mg tablets,no,NSAID,other prescription
j28c.,ebufac 400mg tablets,no,NSAID,other prescription
j28d.,fenbid 300mg spansules,no,NSAID,other prescription
j28e.,ibular 200mg tablets,no,NSAID,other prescription
j28f.,ibular 400mg tablets,no,NSAID,other prescription
j28g.,ibumetin 200mg tablets,no,NSAID,other prescription
j28h.,ibumetin 400mg tablets,no,NSAID,other prescription
j28i.,ibumetin 600mg tablets,no,NSAID,other prescription
j28j.,motrin 200mg tablets,no,NSAID,other prescription
j28k.,motrin 400mg tablets,no,NSAID,other prescription
j28l.,motrin 600mg tablets,no,NSAID,other prescription
j28m.,paxofen 200mg tablets,no,NSAID,other prescription
j28n.,paxofen 400mg tablets,no,NSAID,other prescription
j28o.,paxofen 600mg tablets,no,NSAID,other prescription
j28p.,motrin 800mg tablets,no,NSAID,other prescription
j28q.,arthrofen 200mg tablets,no,NSAID,other prescription
j28r.,arthrofen 400mg tablets,no,NSAID,other prescription
j28s.,junifen 100mg/5ml suspension 150ml,no,NSAID,other prescription
j28t.,arthrofen 600mg tablets,no,NSAID,other prescription
j28u.,ibuprofen 800mg tablets,no,NSAID,other prescription
j28v.,brufen 600mg granules,no,NSAID,other prescription
j28w.,ibuprofen 100mg/5ml syrup,no,NSAID,other prescription
j28x.,ibuprofen 200mg m/r capsules,no,NSAID,other prescription
j28y.,ibuprofen 300mg m/r capsules,no,NSAID,other prescription
j28z.,ibuprofen+codeine phosphate 300mg/20mg m/r tablets,no,NSAID,other prescription
j29..,indometacin,no,NSAID,other prescription
j291.,indometacin 25mg capsules,no,NSAID,other prescription
j292.,indometacin 50mg capsules,no,NSAID,other prescription
j293.,indometacin 100mg suppositories,no,NSAID,other prescription
j294.,artracin 25mg capsules,no,NSAID,other prescription
j295.,artracin 50mg capsules,no,NSAID,other prescription
j296.,imbrilon 25mg capsules,no,NSAID,other prescription
j297.,imbrilon 50mg capsules,no,NSAID,other prescription
j298.,imbrilon 100mg suppositories,no,NSAID,other prescription
j299.,indocid 25mg capsules,no,NSAID,other prescription
j29A.,indometacin 75mg m/r tablets,no,NSAID,other prescription
j29B.,flexin continus 25mg m/r tablets,no,NSAID,other prescription
j29C.,flexin continus ls 50mg m/r tablets,no,NSAID,other prescription
j29D.,indometacin 50mg m/r tablets,no,NSAID,other prescription
j29E.,indometacin 25mg m/r tablets,no,NSAID,other prescription
j29F.,rimacid 25mg capsules,no,NSAID,other prescription
j29G.,artracin sr 75mg m/r capsules,no,NSAID,other prescription
j29H.,maximet sr 75mg m/r capsules,no,NSAID,other prescription
j29J.,indotard mr 75mg m/r capsules,no,NSAID,other prescription
j29K.,pardelprin mr 75mg m/r capsules,no,NSAID,other prescription
j29a.,indocid 50mg capsules,no,NSAID,other prescription
j29b.,indocid 25mg/5ml suspension,no,NSAID,other prescription
j29c.,indocid 100mg suppositories,no,NSAID,other prescription
j29d.,indocid-r 75mg m/r capsules,no,NSAID,other prescription
j29e.,indoflex 25mg capsules,no,NSAID,other prescription
j29f.,indolar 25mg capsules,no,NSAID,other prescription
j29g.,indolar 50mg capsules,no,NSAID,other prescription
j29h.,indolar 100mg suppositories,no,NSAID,other prescription
j29i.,indolar sr 75mg m/r capsules,no,NSAID,other prescription
j29j.,indomod 25mg m/r capsules,no,NSAID,other prescription
j29k.,indomod 75mg m/r capsules,no,NSAID,other prescription
j29l.,mobilan 25mg capsules,no,NSAID,other prescription
j29m.,mobilan 50mg capsules,no,NSAID,other prescription
j29n.,rheumacin la 75mg m/r capsules,no,NSAID,other prescription
j29o.,slo-indo 75mg m/r capsules,no,NSAID,other prescription
j29p.,flexin continus 75mg m/r tablets,no,NSAID,other prescription
j29q.,indocid pda 1mg injection,no,NSAID,other prescription
j29r.,indomax 25mg capsules,no,NSAID,other prescription
j29s.,indomax 75mg m/r capsules,no,NSAID,other prescription
j29t.,rheumacin la 75mg m/r capsules,no,NSAID,other prescription
j29u.,berlind 75 retard 75mg m/r capsules,no,NSAID,other prescription
j29v.,indometacin 1mg injection (pdr for recon),no,NSAID,other prescription
j29w.,indomethacin 25mg/5ml suspension,no,NSAID,other prescription
j29y.,indometacin 75mg m/r capsules,no,NSAID,other prescription
j29z.,indometacin 25mg m/r capsules,no,NSAID,other prescription
j2a..,ketoprofen,no,NSAID,other prescription
j2a1.,ketoprofen 50mg capsules,no,NSAID,other prescription
j2a2.,ketoprofen 100mg capsules,no,NSAID,other prescription
j2a3.,ketoprofen 100mg suppositories,no,NSAID,other prescription
j2a4.,alrheumat 50mg capsules,no,NSAID,other prescription
j2a5.,orudis 50mg capsules,no,NSAID,other prescription
j2a6.,orudis 100mg capsules,no,NSAID,other prescription
j2a7.,orudis 100mg suppositories,no,NSAID,other prescription
j2a8.,oruvail 100mg m/r capsules,no,NSAID,other prescription
j2a9.,oruvail 200mg m/r capsules,no,NSAID,other prescription
j2aA.,ketoprofen cr 100mg m/r capsules,no,NSAID,other prescription
j2aB.,ketoprofen cr 200mg m/r capsules,no,NSAID,other prescription
j2aC.,ketovail 100mg m/r capsules,no,NSAID,other prescription
j2aD.,ketovail 200mg m/r capsules,no,NSAID,other prescription
j2aE.,ketonal 50mg capsules,no,NSAID,other prescription
j2aF.,ketonal 100mg capsules,no,NSAID,other prescription
j2aG.,oruvail 150mg m/r capsules,no,NSAID,other prescription
j2aH.,larafen cr 200mg m/r capsules,no,NSAID,other prescription
j2aI.,ketocid-200 m/r capsules,no,NSAID,other prescription
j2aJ.,fenoket 200mg m/r capsules,no,NSAID,other prescription
j2aK.,ketozip cr 200mg m/r capsules,no,NSAID,other prescription
j2aL.,ketotard 200 xl m/r capsules,no,NSAID,other prescription
j2aM.,jomethid xl 200mg m/r capsules,no,NSAID,other prescription
j2aO.,ketpron xl 100mg m/r capsules,no,NSAID,other prescription
j2aP.,ketpron xl 200mg m/r capsules,no,NSAID,other prescription
j2aQ.,ketil cr 100mg m/r capsules,no,NSAID,other prescription
j2aR.,ketil cr 200mg m/r capsules,no,NSAID,other prescription
j2aS.,valket 200 retard 200mg m/r capsules,no,NSAID,other prescription
j2aa.,oruvail 100mg/2ml injection,no,NSAID,other prescription
j2ab.,tiloket 50mg capsules,no,NSAID,other prescription
j2ac.,axorid 100mg/20mg m/r capsules,no,NSAID,other prescription
j2ad.,axorid 200mg/20mg m/r capsules,no,NSAID,other prescription
j2au.,ketoprofen+omeprazole 200mg/20mg m/r capsules,no,NSAID,other prescription
j2av.,ketoprofen+omeprazole 100mg/20mg m/r capsules,no,NSAID,other prescription
j2aw.,ketoprofen 150mg m/r capsules,no,NSAID,other prescription
j2ax.,ketoprofen 100mg/2ml injection,no,NSAID,other prescription
j2ay.,ketoprofen 100mg m/r capsules,no,NSAID,other prescription
j2az.,ketoprofen 200mg m/r capsules,no,NSAID,other prescription
j2b..,mefenamic acid [musculoskeletal use],no,NSAID,other prescription
j2b1.,mefenamic acid 250mg capsules,no,NSAID,other prescription
j2b2.,ponstan 250mg capsules,no,NSAID,other prescription
j2b3.,ponstan forte 500mg tablets,no,NSAID,other prescription
j2b4.,ponstan 50mg/5ml paediatric suspension,no,NSAID,other prescription
j2b5.,ponstan 250mg dispersible tablets,no,NSAID,other prescription
j2b6.,dysman 250mg capsules,no,NSAID,other prescription
j2b7.,dysman 500mg tablets,no,NSAID,other prescription
j2b8.,contraflam 250mg capsules,no,NSAID,other prescription
j2b9.,meflam-250 capsules,no,NSAID,other prescription
j2bA.,meflam-500 tablets,no,NSAID,other prescription
j2bB.,opustan 250mg capsules,no,NSAID,other prescription
j2bC.,opustan 500mg tablets,no,NSAID,other prescription
j2bD.,contraflam 500mg tablets,no,NSAID,other prescription
j2bx.,mefenamic acid 500mg tablets,no,NSAID,other prescription
j2by.,mefenamic acid 50mg/5ml suspension,no,NSAID,other prescription
j2bz.,mefenamic acid 250mg dispersible tablets,no,NSAID,other prescription
j2c..,naproxen,no,NSAID,other prescription
j2c1.,naproxen 250mg tablets,no,NSAID,other prescription
j2c2.,naproxen 500mg tablets,no,NSAID,other prescription
j2c3.,laraflex 250mg tablets,no,NSAID,other prescription
j2c4.,laraflex 500mg tablets,no,NSAID,other prescription
j2c5.,naprosyn 250mg tablets,no,NSAID,other prescription
j2c6.,naprosyn 500mg tablets,no,NSAID,other prescription
j2c7.,naprosyn 125mg/5ml suspension,no,NSAID,other prescription
j2c8.,naprosyn 500mg suppositories,no,NSAID,other prescription
j2c9.,naprosyn granules 500mg/sachet,no,NSAID,other prescription
j2cA.,rheuflex 250mg tablets,no,NSAID,other prescription
j2cB.,rheuflex 500mg tablets,no,NSAID,other prescription
j2cC.,pranoxen continus 375mg m/r tablets,no,NSAID,other prescription
j2cD.,pranoxen continus 500mg m/r tablets,no,NSAID,other prescription
j2cE.,naprosyn s/r 500mg m/r tablets,no,NSAID,other prescription
j2cF.,timpron 500mg tablets,no,NSAID,other prescription
j2cG.,rimoxyn 500mg tablets,no,NSAID,other prescription
j2cH.,rimoxyn 250mg tablets,no,NSAID,other prescription
j2cI.,timpron 250mg tablets,no,NSAID,other prescription
j2cJ.,timpron 250 ec e/c tablets,no,NSAID,other prescription
j2cK.,timpron 500 ec e/c tablets,no,NSAID,other prescription
j2cL.,condrotec tablets,no,NSAID,other prescription
j2cM.,arthrosin 250mg e/c tablets,no,NSAID,other prescription
j2cN.,arthrosin 500mg e/c tablets,no,NSAID,other prescription
j2cO.,feminax ultra 250mg tablets,no,NSAID,other prescription
j2cP.,vimovo 500mg/20mg m/r tablets,no,NSAID,other prescription
j2cZ.,naproxen+esomeprazole 500mg/20mg m/r tablets,no,NSAID,other prescription
j2ca.,valrox 250mg tablets,no,NSAID,other prescription
j2cb.,valrox 500mg tablets,no,NSAID,other prescription
j2cc.,arthrosin 250mg tablets,no,NSAID,other prescription
j2cd.,arthrosin 500mg tablets,no,NSAID,other prescription
j2ce.,arthroxen 250mg tablets,no,NSAID,other prescription
j2cf.,arthroxen 500mg tablets,no,NSAID,other prescription
j2cg.,naprosyn 375mg tablets,no,NSAID,other prescription
j2ch.,naproxen 375mg tablets,no,NSAID,other prescription
j2ci.,nycopren 250mg e/c tablets,no,NSAID,other prescription
j2cj.,nycopren 500mg e/c tablets,no,NSAID,other prescription
j2ck.,naproxen 250mg e/c tablets,no,NSAID,other prescription
j2cl.,naproxen 500mg e/c tablets,no,NSAID,other prescription
j2cm.,prosaid 250mg tablets,no,NSAID,other prescription
j2cn.,prosaid 500mg tablets,no,NSAID,other prescription
j2co.,naprosyn ec 250mg e/c tablets,no,NSAID,other prescription
j2cp.,naprosyn ec 375mg e/c tablets,no,NSAID,other prescription
j2cq.,naprosyn ec 500mg e/c tablets,no,NSAID,other prescription
j2cr.,napratec 500mg/200micrograms tablets combination pack 2x56,no,NSAID,other prescription
j2cs.,naproxen 375mg m/r tablets,no,NSAID,other prescription
j2ct.,naproxen 500mg m/r tablets,no,NSAID,other prescription
j2cu.,naproxen tablet+misoprostol tablet 500mg/200micrograms pack,no,NSAID,other prescription
j2cv.,naproxen granules 500mg/sachet,no,NSAID,other prescription
j2cw.,naproxen 375mg e/c tablets,no,NSAID,other prescription
j2cx.,naproxen+misoprostol 500mg/200micrograms tablets,no,NSAID,other prescription
j2cy.,naproxen 125mg/5ml suspension,no,NSAID,other prescription
j2cz.,naproxen 500mg suppositories,no,NSAID,other prescription
j2d..,phenylbutazone,no,NSAID,other prescription
j2d1.,phenylbutazone 100mg tablets,no,NSAID,other prescription
j2d2.,phenylbutazone 200mg tablets,no,NSAID,other prescription
j2d3.,butacote 100mg tablets,no,NSAID,other prescription
j2d4.,butacote 200mg tablets,no,NSAID,other prescription
j2d5.,butazolidin 100mg tablets,no,NSAID,other prescription
j2d6.,butazolidin 200mg tablets,no,NSAID,other prescription
j2d7.,butazone 100mg tablets,no,NSAID,other prescription
j2d8.,butazone 200mg tablets,no,NSAID,other prescription
j2e..,piroxicam,no,NSAID,other prescription
j2e1.,piroxicam 10mg capsules,no,NSAID,other prescription
j2e2.,piroxicam 20mg capsules,no,NSAID,other prescription
j2e3.,feldene 10mg capsules,no,NSAID,other prescription
j2e4.,feldene 20mg capsules,no,NSAID,other prescription
j2e5.,feldene 10mg dispersible tablets,no,NSAID,other prescription
j2e6.,feldene 20mg dispersible tablets,no,NSAID,other prescription
j2e7.,feldene 20mg suppositories,no,NSAID,other prescription
j2e8.,larapam 10mg capsules,no,NSAID,other prescription
j2e9.,larapam 20mg capsules,no,NSAID,other prescription
j2eA.,piroflam-10 capsules,no,NSAID,other prescription
j2eB.,piroflam-20 capsules,no,NSAID,other prescription
j2ea.,pirozip 10mg capsules,no,NSAID,other prescription
j2eb.,pirozip 20mg capsules,no,NSAID,other prescription
j2ec.,feldene melt 20mg tablets,no,NSAID,other prescription
j2ed.,feldene im 20mg/1ml injection,no,NSAID,other prescription
j2ee.,flamatrol 10mg capsules,no,NSAID,other prescription
j2ef.,flamatrol 20mg capsules,no,NSAID,other prescription
j2ev.,piroxicam 20mg/1ml injection,no,NSAID,other prescription
j2ew.,piroxicam 20mg melt in the mouth tablets,no,NSAID,other prescription
j2ex.,piroxicam 10mg dispersible tablets,no,NSAID,other prescription
j2ey.,piroxicam 20mg dispersible tablets,no,NSAID,other prescription
j2ez.,piroxicam 20mg suppositories,no,NSAID,other prescription
j2f..,sulindac,no,NSAID,other prescription
j2f1.,clinoril 100mg tablets,no,NSAID,other prescription
j2f2.,clinoril 200mg tablets,no,NSAID,other prescription
j2fy.,sulindac 100mg tablets,no,NSAID,other prescription
j2fz.,sulindac 200mg tablets,no,NSAID,other prescription
j2g..,tiaprofenic acid,no,NSAID,other prescription
j2g1.,surgam 200mg tablets,no,NSAID,other prescription
j2g2.,surgam 300mg tablets,no,NSAID,other prescription
j2g3.,surgam granules 300mg/sachet,no,NSAID,other prescription
j2g4.,surgam sa 300mg m/r capsules,no,NSAID,other prescription
j2g5.,tiaprofenic acid 300mg m/r capsules,no,NSAID,other prescription
j2gx.,tiaprofenic acid 200mg tablets,no,NSAID,other prescription
j2gy.,tiaprofenic acid 300mg tablets,no,NSAID,other prescription
j2gz.,tiaprofenic acid granules 300mg/sach,no,NSAID,other prescription
j2h..,tolmetin,no,NSAID,other prescription
j2h1.,tolectin ds 400mg capsules,no,NSAID,other prescription
j2h2.,tolectin 200mg capsules,no,NSAID,other prescription
j2h3.,tolectin 400mg capsules,no,NSAID,other prescription
j2hy.,tolmetin 200mg capsules,no,NSAID,other prescription
j2hz.,tolmetin 400mg capsules,no,NSAID,other prescription
j2i..,piroxicam-betadex,no,NSAID,other prescription
j2i1.,piroxicam-betadex 191.3mg tablets,no,NSAID,other prescription
j2i2.,brexidol 20mg tablets,no,NSAID,other prescription
j2j..,acemetacin,no,NSAID,other prescription
j2j1.,acemetacin 60mg capsules,no,NSAID,other prescription
j2j2.,emflex 60mg capsules,no,NSAID,other prescription
j2k..,nabumetone,no,NSAID,other prescription
j2k1.,relifex 500mg tablets,no,NSAID,other prescription
j2k2.,nabumetone 500mg tablets,no,NSAID,other prescription
j2k3.,relifex 500mg/5ml suspension,no,NSAID,other prescription
j2k4.,nabumetone 500mg/5ml suspension,no,NSAID,other prescription
j2k5.,relifex 500mg dispersible tablets,no,NSAID,other prescription
j2k6.,nabumetone 500mg dispersible tablets,no,NSAID,other prescription
j2l..,tenoxicam,no,NSAID,other prescription
j2l1.,tenoxicam 20mg tablets,no,NSAID,other prescription
j2l2.,mobiflex 20mg tablets,no,NSAID,other prescription
j2l3.,tenoxicam 20mg/sachet granules,no,NSAID,other prescription
j2l4.,mobiflex 20mg/sachet milk granules,no,NSAID,other prescription
j2l5.,tenoxicam 20mg effervescent tablets,no,NSAID,other prescription
j2l6.,mobiflex 20mg effervescent tablets,no,NSAID,other prescription
j2l7.,tenoxicam 20mg injection+diluent,no,NSAID,other prescription
j2l8.,mobiflex vials 20mg injection +diluent,no,NSAID,other prescription
j2m..,aceclofenac,no,NSAID,other prescription
j2m1.,preservex 100mg tablets,no,NSAID,other prescription
j2m2.,aceclofenac 100mg tablets,no,NSAID,other prescription
j2n..,meloxicam,no,NSAID,other prescription
j2n1.,meloxicam 15mg suppositories,no,NSAID,other prescription
j2n2.,meloxicam 7.5mg tablets,no,NSAID,other prescription
j2n3.,meloxicam 15mg tablets,no,NSAID,other prescription
j2n4.,mobic 15mg suppositories,no,NSAID,other prescription
j2n5.,mobic 7.5mg tablets,no,NSAID,other prescription
j2n6.,mobic 15mg tablets,no,NSAID,other prescription
j2n7.,meloxicam 7.5mg suppositories,no,NSAID,other prescription
j2n8.,mobic 7.5mg suppositories,no,NSAID,other prescription
j2o..,diclofenac sodium 2,no,NSAID,other prescription
j2o1.,dicloflex sr 75mg m/r tablets,no,NSAID,other prescription
j2o2.,flamatak mr 75mg m/r tablets,no,NSAID,other prescription
j2o3.,difenor xl 100mg m/r tablets,no,NSAID,other prescription
j2o4.,diclovol 25mg e/c tablets,no,NSAID,other prescription
j2o5.,diclovol 50mg e/c tablets,no,NSAID,other prescription
j2o6.,diclovol sr 75mg m/r tablets,no,NSAID,other prescription
j2o7.,diclovol retard 100mg m/r tablets,no,NSAID,other prescription
j2o8.,dexomon sr 75mg m/r tablets,no,NSAID,other prescription
j2o9.,dexomon retard 100mg m/r tablets,no,NSAID,other prescription
j2oA.,acoflam sr 75mg m/r tablets,no,NSAID,other prescription
j2oB.,acoflam 50mg e/c tablets,no,NSAID,other prescription
j2oC.,acoflam 25mg e/c tablets,no,NSAID,other prescription
j2oD.,acoflam retard 100mg m/r tablets,no,NSAID,other prescription
j2oE.,flamatak mr 100mg m/r tablets,no,NSAID,other prescription
j2oF.,rheumatac retard 75mg m/r tablets,no,NSAID,other prescription
j2oG.,flamrase sr 75mg m/r tablets,no,NSAID,other prescription
j2oH.,econac 100mg suppositories,no,NSAID,other prescription
j2oJ.,closteril 100 m/r tablets,no,NSAID,other prescription
j2oK.,econac 75mg/3ml injection,no,NSAID,other prescription
j2oL.,rhumalgan xl 100mg m/r capsules,no,NSAID,other prescription
j2oM.,rhumalgan sr 75mg m/r capsules,no,NSAID,other prescription
j2oN.,dyloject 75mg/2ml solution for injection,no,NSAID,other prescription
j2oO.,diclofenac 75mg/2ml solution for injection,no,NSAID,other prescription
j2oP.,voltarol active 4% spray 15ml,no,NSAID,other prescription
j2oQ.,voltarol active 4% spray 30ml,no,NSAID,other prescription
j2oR.,enstar xl 100mg m/r tablets,no,NSAID,other prescription
j2ol.,defanac sr 75mg m/r tablets,no,NSAID,other prescription
j2om.,defanac retard 100mg m/r tablets,no,NSAID,other prescription
j2oo.,defanac 25mg e/c tablets,no,NSAID,other prescription
j2op.,defanac 50mg e/c tablets,no,NSAID,other prescription
j2oq.,fenactol 25mg e/c tablets,no,NSAID,other prescription
j2or.,fenactol 50mg e/c tablets,no,NSAID,other prescription
j2os.,fenactol sr 75mg m/r tablets,no,NSAID,other prescription
j2ot.,fenactol retard 100mg m/r tablets,no,NSAID,other prescription
j2ou.,valdic 75 retard 75mg m/r tablets,no,NSAID,other prescription
j2ov.,valdic 100 retard 100mg m/r tablets,no,NSAID,other prescription
j2ow.,econac sr 75mg m/r tablets,no,NSAID,other prescription
j2ox.,econac xl 100mg m/r tablets,no,NSAID,other prescription
j2oy.,mobigel 4% spray 25g,no,NSAID,other prescription
j2oz.,diclofenac sodium 4% spray,no,NSAID,other prescription
j2p..,ibuprofen [musculoskeletal use 2],no,NSAID,other prescription
j2p1.,nurofen advance 200mg tablets,no,NSAID,other prescription
j2p2.,nurofen for children 100mg/5ml oral suspension,no,NSAID,other prescription
j2p3.,nurofen long lasting 300mg m/r capsules,no,NSAID,other prescription
j2p4.,galprofen 100mg/5ml oral suspension,no,NSAID,other prescription
j2p5.,librofem 200mg tablets,no,NSAID,other prescription
j2p6.,orbifen for children 100mg/5ml sugar free oral suspension,no,NSAID,other prescription
j2p7.,mandafen 600mg tablets,no,NSAID,other prescription
j2p8.,feverfen 100mg/5ml s/f oral suspension,no,NSAID,other prescription
j2p9.,nurofen for children singles 100mg/5ml sachts s/f oral suspn,no,NSAID,other prescription
j2pA.,ibuprofen 100mg/5ml sachets s/f oral suspension,no,NSAID,other prescription
j2pB.,mandafen 400mg tablets,no,NSAID,other prescription
j2pC.,orbifen 100mg/5ml sugar free oral suspension,no,NSAID,other prescription
j2pD.,nurofen mobile 200mg tablets,no,NSAID,other prescription
j2pE.,fenpaed 100mg/5ml sugar free oral suspension,no,NSAID,other prescription
j2pF.,mandafen for children 100mg/5ml sugar free oral suspension,no,NSAID,other prescription
j2pG.,cuprofen for children 100mg/5ml sugar free oral suspension,no,NSAID,other prescription
j2pH.,nurofen 200mg tablets,no,NSAID,other prescription
j2pI.,nurofen 200mg caplets,no,NSAID,other prescription
j2pJ.,ibuprofen 200mg capsules,no,NSAID,other prescription
j2pK.,nurofen 200mg liquid capsules,no,NSAID,other prescription
j2pL.,calprofen 100mg/5ml sugar free oral suspension,no,NSAID,other prescription
j2pM.,cuprofen plus tablets,no,NSAID,other prescription
j2pN.,orbifen 100mg/5ml sachets sugar free oral suspension,no,NSAID,other prescription
j2pO.,care ibuprofen for children 100mg/5ml s/f oral suspension,no,NSAID,other prescription
j2pP.,nurofen for children strawberry 100mg/5ml s/f oral susp,no,NSAID,other prescription
j2pQ.,galprofen ibuprofen 200mg caplets,no,NSAID,other prescription
j2pR.,lloyds pharmacy ibuprofen for children 100mg/5ml s/f susp,no,NSAID,other prescription
j2pS.,nurofen tension headache 200mg tablets,no,NSAID,other prescription
j2pT.,solpadeine migraine ibuprofen & codeine tablets,no,NSAID,other prescription
j2pU.,nurofen maximum strength migraine pain 400mg caplets,no,NSAID,other prescription
j2pV.,nurofen extra strength 400mg liquid capsules,no,NSAID,other prescription
j2pW.,ibuprofen 400mg capsules,no,NSAID,other prescription
j2pX.,anadin ultra double strength 400mg liquid capsules,no,NSAID,other prescription
j2pY.,galpharm maximum strength ibuprofen 400mg liquid capsules,no,NSAID,other prescription
j2pZ.,ibucalm 200mg tablets,no,NSAID,other prescription
j2pa.,ibucalm 400mg tablets,no,NSAID,other prescription
j2pb.,nurofen express soluble 400mg/sachet oral powder,no,NSAID,other prescription
j2pc.,ibuprofen 400mg/sachet oral powder,no,NSAID,other prescription
j2q..,dexketoprofen,no,NSAID,other prescription
j2q1.,keral 25mg tablets,no,NSAID,other prescription
j2qz.,dexketoprofen 25mg tablets,no,NSAID,other prescription
j2r..,diclofenac potassium,no,NSAID,other prescription
j2r1.,voltarol rapid 25mg tablets,no,NSAID,other prescription
j2r2.,voltarol rapid 50mg tablets,no,NSAID,other prescription
j2r3.,voltarol pain-eze 12.5mg tablets,no,NSAID,other prescription
j2rx.,diclofenac potassium 12.5mg tablets,no,NSAID,other prescription
j2ry.,diclofenac potassium 25mg tablets,no,NSAID,other prescription
j2rz.,diclofenac potassium 50mg tablets,no,NSAID,other prescription
j2s..,lornoxicam,no,NSAID,other prescription
j2s1.,xefo 4mg tablets,no,NSAID,other prescription
j2s2.,xefo 8mg tablets,no,NSAID,other prescription
j2s3.,xefo 8.6mg injection (pdr for recon),no,NSAID,other prescription
j2sx.,lornoxicam 8.6mg injection (pdr for recon),no,NSAID,other prescription
j2sy.,lornoxicam 8mg tablets,no,NSAID,other prescription
j2sz.,lornoxicam 4mg tablets,no,NSAID,other prescription
j2t..,dexibuprofen,no,NSAID,other prescription
j2t1.,seractil 400mg tablets,no,NSAID,other prescription
j2t2.,seractil 300mg tablets,no,NSAID,other prescription
j2ty.,dexibuprofen 300mg tablets,no,NSAID,other prescription
j2tz.,dexibuprofen 400mg tablets,no,NSAID,other prescription
j2...,non-steroidal anti-inflammatory drugs,no,NSAID,other prescription
bu21.,aspirin 100mg effervescent tablet,no,NSAID,other prescription
bu22.,platet 100mg effervescent tablet,no,NSAID,other prescription
bu23.,aspirin 75mg dispersible tablet,no,NSAID,other prescription
bu24.,angettes 75mg tablet,no,NSAID,other prescription
bu25.,aspirin 75mg tablet,no,NSAID,other prescription
bu26.,platet 300mg effervescent tablet,no,NSAID,other prescription
bu27.,aspirin 300mg effervescent tablet,no,NSAID,other prescription
bu28.,disprin cv 100mg m/r tablet,no,NSAID,other prescription
bu29.,aspirin 100mg m/r tablet,no,NSAID,other prescription
bu2A.,nu-seals aspirin 75mg e/c tablet,no,NSAID,other prescription
bu2B.,aspirin 75mg e/c tablet,no,NSAID,other prescription
bu2C.,postmi 300mg e/c tablet,no,NSAID,other prescription
bu2D.,postmi 75mg dispersible tablet,no,NSAID,other prescription
bu2E.,postmi 75mg e/c tablet,no,NSAID,other prescription
bu2F.,caprin 75mg e/c tablet,no,NSAID,other prescription
bu2G.,nu-seals cardio 75 e/c tablet,no,NSAID,other prescription
bu2H.,enprin 75mg e/c tablet,no,NSAID,other prescription
bu2I.,aspirin 162.5mg m/r capsule,no,NSAID,other prescription
bu2J.,caspac xl 162.5mg m/r capsule,no,NSAID,other prescription
bu2K.,micropirin 75mg e/c tablet,no,NSAID,other prescription
bu2a.,disprin cv 300mg m/r tablet,no,NSAID,other prescription
bu2b.,aspirin 300mg m/r tablet,no,NSAID,other prescription
bu2c.,aspirin 75mg soluble tablet,no,NSAID,other prescription
di1..,aspirin [central nervous system use],no,NSAID,other prescription
di11.,aspirin [cns] 300mg tablet,no,NSAID,other prescription
di12.,aspirin [cns] 300mg dispersible tablet,no,NSAID,other prescription
di14.,aspergum 227mg chewing gum,no,NSAID,other prescription
di15.,claradin 300mg tablet,no,NSAID,other prescription
di16.,laboprin 300mg tablet,no,NSAID,other prescription
di17.,paynocil 600mg tablet,no,NSAID,other prescription
di18.,solprin 300mg dispersible tablet,no,NSAID,other prescription
di19.,aspirin 500mg m/r tablet,no,NSAID,other prescription
di1a.,caprin 324mg e/c tablet,no,NSAID,other prescription
di1b.,levius 500mg m/r tablet,no,NSAID,other prescription
di1c.,nu-seals aspirin 300mg e/c tablet,no,NSAID,other prescription
di1d.,nu-seals aspirin 600mg e/c tablet,no,NSAID,other prescription
di1e.,palaprin forte 600mg tablet,no,NSAID,other prescription
di1f.,aspirin 300mg e/c tablet,no,NSAID,other prescription
di1g.,aspirin 600mg e/c tablet,no,NSAID,other prescription
di1h.,aspirin 324mg e/c tablet,no,NSAID,other prescription
di1i.,aspirin 600mg tablet,no,NSAID,other prescription
di1j.,laboprin dl 900mg sachet,no,NSAID,other prescription
di1k.,caprin 300mg e/c tablet,no,NSAID,other prescription
di1m.,aspirin 300mg soluble tablet,no,NSAID,other prescription
di1n.,aspirin 300mg suppository,no,NSAID,other prescription
di1o.,aspirin 150mg suppository,no,NSAID,other prescription
di1p.,aspirin 500mg soluble tablet,no,NSAID,other prescription
di1q.,aspro clear maximum strength soluble tablet,no,NSAID,other prescription
di1r.,disprin 300mg dispersible tablet,no,NSAID,other prescription
di3..,benorylate [central nervous sytem use],no,NSAID,other prescription
di4..,diflunisal [cns analgesic] [see j23..],no,NSAID,other prescription
di5..,fenoprofen [analgesic],no,NSAID,other prescription
di51.,progesic 200mg tablet,no,NSAID,other prescription
di5z.,fenoprofen 200mg tablet,no,NSAID,other prescription
di6..,ibuprofen [cns analgesic] [see j28..],no,NSAID,other prescription
di7..,mefenamic acid [cns analgesic] [see j2b..],no,NSAID,other prescription
di8..,naproxen sodium,no,NSAID,other prescription
di81.,synflex 275mg tablet,no,NSAID,other prescription
di8z.,naproxen sodium 275mg tablet,no,NSAID,other prescription
di9..,nefopam hydrochloride,no,NSAID,other prescription
di91.,acupan 30mg tablet,no,NSAID,other prescription
di92.,acupan 20mg/1ml injection,no,NSAID,other prescription
di9y.,nefopam hydrochloride 30mg tablet,no,NSAID,other prescription
di9z.,nefopam hydrochloride 20mg/1ml injection,no,NSAID,other prescription
dia1.,aspirin/paracetamol/codeine tablets,no,NSAID,other prescription
dia4.,co-codaprin 8mg/400mg tablet,no,NSAID,other prescription
dia5.,co-codaprin 8mg/400mg dispersible tablet,no,NSAID,other prescription
dia8.,antoin dispersible tablet,no,NSAID,other prescription
dia9.,aspav dispersible tablet,no,NSAID,other prescription
diaB.,beechams powder,no,NSAID,other prescription
diaD.,anadin extra tablet,no,NSAID,other prescription
diaE.,alka-seltzer tablet,no,NSAID,other prescription
diaG.,aspirin+papaveretum 500mg/7.71mg dispersible tablet,no,NSAID,other prescription
diaO.,co-codaprin 8mg/500mg dispersible tablet,no,NSAID,other prescription
diaP.,codis 500 dispersible tablet,no,NSAID,other prescription
diaW.,anadin ultra 200mg capsule,no,NSAID,other prescription
diab.,codis dispersible tablet,no,NSAID,other prescription
diae.,doloxene compound capsule,no,NSAID,other prescription
diaf.,equagesic tablet,no,NSAID,other prescription
diai.,hypon tablet,no,NSAID,other prescription
diat.,aspirin+papaveretum 500mg/10mg dispersible tablet,no,NSAID,other prescription
diay.,anadin tablet,no,NSAID,other prescription
diaz.,askit powder,no,NSAID,other prescription
dibA.,aspirin+methocarbamol 325mg/400mg tablet,no,NSAID,other prescription
dibC.,sudafed dual relief max tablet,no,NSAID,other prescription
dibk.,robaxisal forte tablet,no,NSAID,other prescription
dibq.,trancoprin tablet,no,NSAID,other prescription
dic6.,ibuprofen+pseudoephedrine 200mg/30mg tablet,no,NSAID,other prescription
dic7.,nurofen cold & flu tablet,no,NSAID,other prescription
dic8.,nurofen sinus tablet,no,NSAID,other prescription
dicB.,lemsip flu 12hr ibuprofen+pseudoephedrine capsule,no,NSAID,other prescription
dicC.,ibuprofen+pseudoephedrine 300mg/45mg capsule,no,NSAID,other prescription
dicH.,phensic tablet,no,NSAID,other prescription
dicP.,lemsip cold & flu sinus 12 hr ibuprof+pseudoeph 300/45mg cap,no,NSAID,other prescription
j11..,aspirin [musculoskeletal use],no,NSAID,other prescription
j111.,aspirin 300mg tablet,no,NSAID,other prescription
j112.,aspirin 300mg dispersible tablet,no,NSAID,other prescription
j12..,benorilate [musculoskeletal use],no,NSAID,other prescription
j121.,benoral 750mg tablet,no,NSAID,other prescription
j122.,benoral 2g/sachet granules,no,NSAID,other prescription
j123.,benoral 2g/5ml sugar free suspension 150ml,no,NSAID,other prescription
j124.,benoral 2g/5ml sugar free suspension 300ml,no,NSAID,other prescription
j12x.,benorilate 750mg tablet,no,NSAID,other prescription
j12y.,benorilate 2g/sachet granules,no,NSAID,other prescription
j12z.,benorilate 2g/5ml s/f suspension,no,NSAID,other prescription
j28L.,apsifen f 600mg tablet,no,NSAID,other prescription
j28Q.,cuprofen maximum strength 400mg tablet,no,NSAID,other prescription
ja1A.,voltarol emulgel topical gel 100g,no,NSAID,other prescription
ja1B.,feldene sports gel 30g,no,NSAID,other prescription
ja1F.,voltarol emulgel topical gel 20g,no,NSAID,other prescription
ja1H.,oruvail gel 100g,no,NSAID,other prescription
ja1I.,ibugel gel 100g,no,NSAID,other prescription
ja1J.,proflex 5% cream 50g,no,NSAID,other prescription
ja1K.,traxam 3.17% foam 100g,no,NSAID,other prescription
ja1M.,feldene 0.5% topical gel 112g,no,NSAID,other prescription
ja1O.,oruvail gel 30g,no,NSAID,other prescription
ja1R.,proflex pain relief 5% cream 25g,no,NSAID,other prescription
ja1S.,traxam 3% topical gel 100g,no,NSAID,other prescription
ja1T.,felbinac 3.17% foam,no,NSAID,other prescription
ja1U.,ibuprofen 5% gel,no,NSAID,other prescription
ja1V.,ketoprofen 2.5% gel,no,NSAID,other prescription
ja1W.,ibuleve gel,no,NSAID,other prescription
ja1Y.,diclofenac sodium 1% gel,no,NSAID,other prescription
ja1u.,felbinac 3% gel,no,NSAID,other prescription
ja1v.,traxam 3% topical gel 50g,no,NSAID,other prescription
ja1w.,proflex 5% cream 100g,no,NSAID,other prescription
ja1x.,ibuprofen 5% cream,no,NSAID,other prescription
ja1y.,piroxicam 0.5% gel,no,NSAID,other prescription
ja1z.,feldene 0.5% topical gel 60g,no,NSAID,other prescription
ja22.,proflex pain relief 5% cream 30g,no,NSAID,other prescription
ja23.,ibuspray topical spray,no,NSAID,other prescription
ja24.,ibuprofen 5% spray,no,NSAID,other prescription
ja25.,ibuleve 5% topical spray,no,NSAID,other prescription
ja26.,powergel 2.5% gel,no,NSAID,other prescription
ja28.,powergel 2.5% gel 50g,no,NSAID,other prescription
ja29.,powergel 2.5% gel 100g,no,NSAID,other prescription
ja2A.,deep relief ibuprofen gel 100g,no,NSAID,other prescription
ja2F.,deep relief ibuprofen gel 15g,no,NSAID,other prescription
ja2G.,deep relief ibuprofen gel 50g,no,NSAID,other prescription
ja2H.,fenbid 5% gel 100g,no,NSAID,other prescription
ja2J.,powergel 2.5% gel 50gx2,no,NSAID,other prescription
ja2K.,traxam pain relief gel 30g,no,NSAID,other prescription
ja2L.,solpaflex gel 30g,no,NSAID,other prescription
ja2M.,fenbid 5% gel 30g,no,NSAID,other prescription
ja2N.,fenbid 5% gel 50g,no,NSAID,other prescription
ja2O.,feldene p 0.5% gel 30g,no,NSAID,other prescription
ja2P.,feldene p 0.5% gel 7.5g,no,NSAID,other prescription
ja2Q.,cuprofen 5% gel 30g,no,NSAID,other prescription
ja2R.,cuprofen 5% gel 50g,no,NSAID,other prescription
ja2U.,ibuprofen 5% foam,no,NSAID,other prescription
ja2V.,ibuleve 5% mousse 125g,no,NSAID,other prescription
ja2W.,ibumousse 5% foam 125g,no,NSAID,other prescription
ja2X.,fenbid forte 10% gel 100g,no,NSAID,other prescription
ja2Y.,tiloket 2.5% gel 100g,no,NSAID,other prescription
ja2Z.,nurofen gel 35g,no,NSAID,other prescription
ja2a.,ibuleve 5% mousse 75g,no,NSAID,other prescription
ja2b.,ibugel forte 10% gel 100g,no,NSAID,other prescription
ja2d.,ibuleve maximum strength 10% gel 30g,no,NSAID,other prescription
ja2e.,pennsaid 1.5% topical solution 60ml,no,NSAID,other prescription
ja2f.,nurofen maximum strength 10% gel 30g,no,NSAID,other prescription
ja2g.,voltarol emulgel p topical gel 30g,no,NSAID,other prescription
ja2h.,ibuleve maximum strength 10% gel 50g,no,NSAID,other prescription
ja2i.,phorpain gel maximum strength 10% gel 30g,no,NSAID,other prescription
ja2l.,phorpain 5% gel 100g,no,NSAID,other prescription
ja2m.,voltarol emulgel p topical gel 50g,no,NSAID,other prescription
ja2o.,care ibuprofen 10% gel 50g,no,NSAID,other prescription
ja2p.,lloyds pharmacy maximum strength ibuprofen 10% gel 30g,no,NSAID,other prescription
ja2q.,voltarol pain-eze emulgel 1% topical gel 30g,no,NSAID,other prescription
ja2r.,tiloket 2.5% gel 50g,no,NSAID,other prescription
ja2s.,voltarol gel 1% 10cmx14cm patch,no,NSAID,other prescription
ja2w.,diclofenac 1% 10cmx14cm patch,no,NSAID,other prescription
ja2y.,diclofenac sodium 1.5% topical solution,no,NSAID,other prescription
ja2z.,ibuprofen 10% gel,no,NSAID,other prescription
ja31.,powergel 2.5% dispenser gel 50g,no,NSAID,other prescription
ja32.,powergel 2.5% dispenser gel 100g,no,NSAID,other prescription
k67..,oxyphenbutazone,no,NSAID,other prescription
k671.,tanderil 10% eye ointment 5g,no,NSAID,other prescription
k672.,tanderil chloramphenicol eye ointment 5g,no,NSAID,other prescription
k67y.,oxyphenbutazone 10% eye ointment,no,NSAID,other prescription
k67z.,oxyphenbutazone eye ointment,no,NSAID,other prescription
k6c..,flurbiprofen sodium [eye],no,NSAID,other prescription
k6c1.,ocufen 0.03% single-use eye drops 0.4ml,no,NSAID,other prescription
k6cz.,flurbiprofen sodium 0.03% single-use eye drops 0.4ml,no,NSAID,other prescription
k6d..,diclofenac sodium [eye],no,NSAID,other prescription
k6d1.,voltarol ophtha 0.1% single-use eye drops x4,no,NSAID,other prescription
k6d2.,voltarol ophtha 0.1% single-use eye drops x40,no,NSAID,other prescription
k6d3.,diclofenac 0.1% single-use eye drops x4,no,NSAID,other prescription
k6d4.,diclofenac 0.1% single-use eye drops x40,no,NSAID,other prescription
k6d5.,diclofenac sodium 0.1% single-use eye drops,no,NSAID,other prescription
k6d6.,voltarol ophtha 0.1% single-use eye drops x5,no,NSAID,other prescription
k6d7.,diclofenac sodium 0.1% multidose eye drops,no,NSAID,other prescription
k6d8.,voltarol ophtha 0.1% multidose eye drops 5ml,no,NSAID,other prescription
k6g..,ketorolac trometamol [eye],no,NSAID,other prescription
k6g1.,ketorolac trometamol 0.5% ophthalmic solution,no,NSAID,other prescription
k6g2.,acular 0.5% ophthalmic solution 10ml,no,NSAID,other prescription
lf3..,flurbiprofen [oropharyngeal],no,NSAID,other prescription
lf31.,strefen 8.75mg lozenge,no,NSAID,other prescription
lf32.,streflam 8.75mg lozenge,no,NSAID,other prescription
lf33.,strefen honey and lemon 8.75mg lozenge,no,NSAID,other prescription
lf3z.,flurbiprofen 8.75mg lozenge,no,NSAID,other prescription
mt1..,diclofenac sodium [actinic keratosis],no,NSAID,other prescription
mt11.,solaraze 3% gel 25g,no,NSAID,other prescription
mt12.,solaraze 3% gel 50g,no,NSAID,other prescription
mt13.,solaraze 3% gel 100g,no,NSAID,other prescription
mt1z.,diclofenac sodium 3% gel,no,NSAID,other prescription
o4a..,ketorolac trometamol,no,NSAID,other prescription
o4a1.,ketorolac trometamol 30mg/1ml injection,no,NSAID,other prescription
o4a2.,toradol 30mg/1ml injection,no,NSAID,other prescription
o4a3.,ketorolac trometamol 10mg tablet,no,NSAID,other prescription
o4a4.,toradol 10mg tablet,no,NSAID,other prescription
o4a5.,ketorolac trometamol 10mg/1ml injection,no,NSAID,other prescription
o4a6.,toradol 10mg/1ml injection,no,NSAID,other prescription
x000x,co-codaprin,no,NSAID,other prescription
x006P,ibuprofen+codeine phosphate,no,NSAID,other prescription
x00C5,voltarol emulgel,no,NSAID,other prescription
x00Dx,cinopal 300mg capsule,no,NSAID,other prescription
x00HG,proflex cream,no,NSAID,other prescription
x00I6,aspirin+glycine 500mg/133mg dispersible tablet,no,NSAID,other prescription
x00I7,disprin direct dispersible tablet,no,NSAID,other prescription
x00LC,phenylbutazone 100mg e/c tablet,no,NSAID,other prescription
x00LD,voltarene 25mg e/c tablet,no,NSAID,other prescription
x00LE,voltarene 50mg e/c tablet,no,NSAID,other prescription
x00LU,tanderil eye ointment,no,NSAID,other prescription
x00Ml,feldene 0.5% gel,no,NSAID,other prescription
x00Ms,ibuleve sports gel,no,NSAID,other prescription
x00N4,oruvail gel,no,NSAID,other prescription
x00Tg,proflex 300mg m/r capsule,no,NSAID,other prescription
x00Ts,voltaren retard 100mg m/r tablet,no,NSAID,other prescription
x00Tt,voltarene lp 100mg m/r tablet,no,NSAID,other prescription
x00ca,voltarol ophtha 0.1% single-use eye drops,no,NSAID,other prescription
x00eL,benoral 2g/5ml s/f suspension,no,NSAID,other prescription
x00et,aspirin+codeine 300mg/8mg tablet,no,NSAID,other prescription
x00fB,dolobis 250mg tablet,no,NSAID,other prescription
x00fF,fepron 600mg tablet,no,NSAID,other prescription
x00fN,ibrufhalal 200mg tablet,no,NSAID,other prescription
x00fZ,migrafen 200mg tablet,no,NSAID,other prescription
x00fh,pacifene 400mg tablet,no,NSAID,other prescription
x00fi,pacifene 200mg tablet,no,NSAID,other prescription
x00fm,phor pain 400mg tablet,no,NSAID,other prescription
x00fn,phor pain 200mg tablet,no,NSAID,other prescription
x00fs,proflex 200mg tablet,no,NSAID,other prescription
x00xb,topical diclofenac,no,NSAID,other prescription
x01Kv,aspirin tablets,no,NSAID,other prescription
x01Kw,rectal aspirin,no,NSAID,other prescription
x01Kx,aspirin compound preparation,no,NSAID,other prescription
x01Ky,diclofenac,no,NSAID,other prescription
x01Kz,oral diclofenac,no,NSAID,other prescription
x01L0,rectal diclofenac,no,NSAID,other prescription
x01L1,parenteral diclofenac,no,NSAID,other prescription
x01L2,felbinac,no,NSAID,other prescription
x01L3,oral ibuprofen,no,NSAID,other prescription
x01L4,topical ibuprofen,no,NSAID,other prescription
x01L5,proflex pain relief cream,no,NSAID,other prescription
x01L6,ketorolac,no,NSAID,other prescription
x01L7,nefopam,no,NSAID,other prescription
x01L8,tanderil chloramphenicol eye ointment,no,NSAID,other prescription
x026C,lederfen 300mg capsule,no,NSAID,other prescription
x026D,lederfen f 450mg effervescent tablet,no,NSAID,other prescription
x026F,feldene sports 0.5% gel,no,NSAID,other prescription
x026G,traxam foam,no,NSAID,other prescription
x026Q,ibugel gel,no,NSAID,other prescription
x026W,traxam gel,no,NSAID,other prescription
x026x,ocufen 0.03% single-use eye drops,no,NSAID,other prescription
x026y,flurbiprofen sodium 0.03% single-use eye drops,no,NSAID,other prescription
x02AA,anadin all-night 500mg m/r tablet,no,NSAID,other prescription
x02Dr,ibuprofen+menthol 5%/3% gel,no,NSAID,other prescription
x02Ds,deep relief ibuprofen gel,no,NSAID,other prescription
x02LX,aspirin,no,NSAID,other prescription
x02MM,diflunisal,no,NSAID,other prescription
x02MN,fenoprofen,no,NSAID,other prescription
x02MO,ibuprofen product,no,NSAID,other prescription
x02MP,mefenamic acid,no,NSAID,other prescription
x02Mm,benorilate,no,NSAID,other prescription
x03dl,fenbid 5% gel,no,NSAID,other prescription
x03ea,acular 0.5% ophthalmic solution,no,NSAID,other prescription
x03eb,topical ketorolac,no,NSAID,other prescription
x03ec,oral ketorolac,no,NSAID,other prescription
x03ed,parenteral ketorolac,no,NSAID,other prescription
x03hC,traxam pain relief gel,no,NSAID,other prescription
x03hs,solpaflex gel,no,NSAID,other prescription
x03kk,feldene p 0.5% gel,no,NSAID,other prescription
x03wA,ibuleve 5% mousse,no,NSAID,other prescription
x049k,cuprofen 5% gel,no,NSAID,other prescription
x04tL,oral aspirin,no,NSAID,other prescription
x04vt,ibumousse 5% foam,no,NSAID,other prescription
x04xv,fenbid forte 10% gel,no,NSAID,other prescription
x04yU,tiloket 2.5% gel,no,NSAID,other prescription
x04yw,nurofen gel,no,NSAID,other prescription
x0588,ibugel forte 10% gel,no,NSAID,other prescription
x05Bt,ibuleve maximum strength 10% gel,no,NSAID,other prescription
x05FX,pennsaid 16mg/ml cutaneous solution,no,NSAID,other prescription
x05J3,solaraze 3% gel,no,NSAID,other prescription
x05Mg,nurofen maximum strength 10% gel,no,NSAID,other prescription
x05YT,oral ibuprofen compound product,no,NSAID,other prescription
x05YU,ibuprofen+pseudoephedrine hydrochloride,no,NSAID,other prescription
x05d3,voltarol emulgel p topical gel,no,NSAID,other prescription
x05gD,phorpain gel maximum strength 10% gel,no,NSAID,other prescription
x05lh,voltarol ophtha 0.1% multidose eye drops,no,NSAID,other prescription
x05q2,phorpain 5% gel,no,NSAID,other prescription
x05vE,care ibuprofen 10% gel,no,NSAID,other prescription
x05wW,lloyds pharmacy maximum strength ibuprofen 10% gel,no,NSAID,other prescription
x05wX,voltarol pain-eze emulgel 1% topical gel,no,NSAID,other prescription
di21.,paracetamol 500mg tablets,no,paracetemol,other prescription
di22.,paracetamol 500mg soluble tabs,no,paracetemol,other prescription
di23.,paracetamol 120mg/5ml paediatric oral solution,no,paracetemol,other prescription
di24.,paracetamol 250mg/5ml mixture,no,paracetemol,other prescription
di25.,calpol 120mg/5ml suspension 70ml,no,paracetemol,other prescription
di26.,calpol six plus 250mg/5ml suspension,no,paracetemol,other prescription
di27.,disprol paediatric 120mg/5ml suspension,no,paracetemol,other prescription
di28.,paldesic 120mg/5ml syrup 60ml,no,paracetemol,other prescription
di29.,panadol 500mg capsules,no,paracetemol,other prescription
di2A.,infadrops 100mg/ml oral solution,no,paracetemol,other prescription
di2B.,paracetamol 100mg/ml oral solution,no,paracetemol,other prescription
di2C.,calpol six plus 250mg/5ml sugar free suspension,no,paracetemol,other prescription
di2D.,medinol paediatric 120mg/5ml s/f suspension,no,paracetemol,other prescription
di2E.,paracetamol 500mg suppositories,no,paracetemol,other prescription
di2F.,paldesic 120mg/5ml syrup 500ml,no,paracetemol,other prescription
di2G.,paracetamol+methionine 500mg/100mg tablets,no,paracetemol,other prescription
di2H.,paradote tablets,no,paracetemol,other prescription
di2I.,paracetamol 250mg oro-dispersible tablets,no,paracetemol,other prescription
di2J.,paracetamol 240mg suppositories,no,paracetemol,other prescription
di2K.,paldesic 120mg/5ml elixir 125ml,no,paracetemol,other prescription
di2L.,paracetamol 120mg suppositories,no,paracetemol,other prescription
di2M.,paracetamol 250mg suppositories,no,paracetemol,other prescription
di2N.,paracetamol 60mg suppositories,no,paracetemol,other prescription
di2O.,alvedon 250mg suppositories,no,paracetemol,other prescription
di2P.,alvedon 60mg suppositories,no,paracetemol,other prescription
di2Q.,mandanol 500mg tablets,no,paracetemol,other prescription
di2R.,tixymol 120mg/5ml sugar free suspension 100ml,no,paracetemol,other prescription
di2S.,tixymol 120mg/5ml sugar free suspension 150ml,no,paracetemol,other prescription
di2T.,panadol actifast 500mg tablets,no,paracetemol,other prescription
di2U.,paracetamol 1g/sachet powder,no,paracetemol,other prescription
di2V.,lemsip pharmacy non-decongestant formula sachet powder,no,paracetemol,other prescription
di2W.,calpol fast melts 250mg oro-dispersible tablets,no,paracetemol,other prescription
di2X.,mandanol infant paracetamol 120mg/5ml oral suspension,no,paracetemol,other prescription
di2Y.,mandanol six+ paracetamol 250mg/5ml oral suspension,no,paracetemol,other prescription
di2Z.,paracetamol 500mg effervescent tablets,no,paracetemol,other prescription
di2a.,panadol 500mg tablets,no,paracetemol,other prescription
di2b.,panadol 120mg/5ml elixir,no,paracetemol,other prescription
di2c.,panadol 500mg soluble tablets,no,paracetemol,other prescription
di2d.,panasorb 500mg tablets,no,paracetemol,other prescription
di2e.,salzone 120mg/5ml syr,no,paracetemol,other prescription
di2f.,pameton 500mg tablets,no,paracetemol,other prescription
di2g.,panaleve 120mg/5ml elixir,no,paracetemol,other prescription
di2h.,calpol 120mg/5ml sugar free suspension 140ml,no,paracetemol,other prescription
di2i.,calpol 120mg/5ml suspension 140ml,no,paracetemol,other prescription
di2j.,calpol 120mg/5ml suspension 1l,no,paracetemol,other prescription
di2k.,paldesic syrup 200ml,no,paracetemol,other prescription
di2l.,paldesic 120mg/5ml syrup 1l,no,paracetemol,other prescription
di2m.,calpol 120mg/5ml sugar free suspension 1l,no,paracetemol,other prescription
di2n.,paracetamol 120mg/5ml oral suspension,no,paracetemol,other prescription
di2o.,paracetamol 125mg suppositories,no,paracetemol,other prescription
di2p.,alvedon 125mg suppositories,no,paracetemol,other prescription
di2q.,paracetamol 500mg capsules,no,paracetemol,other prescription
di2r.,paracetamol 120mg/5ml sugar free elixir,no,paracetemol,other prescription
di2s.,paracetamol 120mg/5ml sugar free suspension,no,paracetemol,other prescription
di2t.,medinol over six 250mg/5ml sugar free suspension,no,paracetemol,other prescription
di2u.,paracetamol 250mg/5ml sugar free suspension,no,paracetemol,other prescription
di2v.,paracetamol+methionine 500mg/250mg tablets,no,paracetemol,other prescription
di2w.,cupanol under six 120mg/5ml sugar free suspension,no,paracetemol,other prescription
di2x.,calpol paediatric 120mg/5ml suspension,no,paracetemol,other prescription
di2y.,calpol paediatric 120mg/5ml sugar free suspension,no,paracetemol,other prescription
di2z.,paracetamol 500mg/5ml s/f suspension,no,paracetemol,other prescription
dia2.,co-codamol 8mg/500mg tablets,no,paracetemol,other prescription
dia3.,co-codamol 8mg/500mg dispersible tablets,no,paracetemol,other prescription
dia6.,co-dydramol tablets,no,paracetemol,other prescription
dia7.,co-proxamol tablets,no,paracetemol,other prescription
diaA.,hedex tablets,no,paracetemol,other prescription
diaC.,lemsip sachets,no,paracetemol,other prescription
diaF.,galake tablets,no,paracetemol,other prescription
diaI.,paracetamol+codeine phosphate 500mg/30mg/sachet powder,no,paracetemol,other prescription
diaJ.,kapake insts 500mg/30mg/sachet powder,no,paracetemol,other prescription
diaK.,paracetamol+codeine phosphate 1000mg/60mg/sachet powder,no,paracetemol,other prescription
diaL.,kapake insts 1000mg/60mg/sachet powder,no,paracetemol,other prescription
diaM.,lemsip pharmacy power+paracetamol sachet powder,no,paracetemol,other prescription
diaQ.,lemsip max strength sinus relief capsules,no,paracetemol,other prescription
diaR.,lemsip cold+flu max strength direct lemon sachets,no,paracetemol,other prescription
diaS.,day and night nurse capsules,no,paracetemol,other prescription
diaT.,codipar caplets,no,paracetemol,other prescription
diaU.,paracetamol+codeine phosphate 500mg/15mg tablets,no,paracetemol,other prescription
diaV.,lemsip cold+flu max strength direct blackcurrant sachets,no,paracetemol,other prescription
diaX.,benylin four flu oral liquid,no,paracetemol,other prescription
diaY.,benylin four flu tablets,no,paracetemol,other prescription
diaZ.,benylin day & night tablets,no,paracetemol,other prescription
diaa.,cafadol tablets,no,paracetemol,other prescription
diac.,delimon tablets,no,paracetemol,other prescription
diad.,distalgesic tablets,no,paracetemol,other prescription
diag.,femerital tablets,no,paracetemol,other prescription
diah.,fortagesic tablets,no,paracetemol,other prescription
diaj.,lobak tablets,no,paracetemol,other prescription
diak.,formulix 12mg/5ml elixir,no,paracetemol,other prescription
dial.,calpol extra tablets,no,paracetemol,other prescription
diam.,kapake tablets,no,paracetemol,other prescription
dian.,paracetamol+codeine phosphate 500mg/30mg tablets,no,paracetemol,other prescription
diao.,kapake capsules,no,paracetemol,other prescription
diap.,co-codamol 8mg/500mg effervescent tablets,no,paracetemol,other prescription
diaq.,co-codamol 8mg/500mg capsules,no,paracetemol,other prescription
diar.,paracodol capsules,no,paracetemol,other prescription
dias.,paracetamol+chlormezanone 450mg/100mg tablet,no,paracetemol,other prescription
diau.,feminax tablets,no,paracetemol,other prescription
diav.,paracetamol+pentazocine 500mg/15mg tablet,no,paracetemol,other prescription
diaw.,cosalgesic tablets,no,paracetemol,other prescription
diax.,co-proxamol 32.5mg/325mg/5ml s/f suspension,no,paracetemol,other prescription
dib1.,medised tablets,no,paracetemol,other prescription
dib3.,medocodeine tablets,no,paracetemol,other prescription
dib4.,myolgin dispersible tablets,no,paracetemol,other prescription
dib5.,neurodyne capsules,no,paracetemol,other prescription
dib6.,norgesic tablets,no,paracetemol,other prescription
dib7.,paedo-sed syrup,no,paracetemol,other prescription
dib8.,panadeine tablets,no,paracetemol,other prescription
dib9.,panadeine forte tablets,no,paracetemol,other prescription
dibB.,paracetamol+codeine phosphate 500mg/30mg effervescent tabs,no,paracetemol,other prescription
dibD.,paracetamol+codeine phosphate 500mg/30mg capsules,no,paracetemol,other prescription
dibE.,paracetamol+dihydrocodeine tartrate 500mg/20mg tablets,no,paracetemol,other prescription
dibF.,paracetamol+dihydrococeine tartrate 500mg/30mg tablets,no,paracetemol,other prescription
dibG.,tylex effervescent soluble tablets,no,paracetemol,other prescription
dibH.,paracetamol+dihydrocodeine 250mg/20mg effervescent tablets,no,paracetemol,other prescription
dibI.,paracetamol+dihydrocodeine 250mg/30mg effervescent tablets,no,paracetemol,other prescription
dibJ.,remedeine forte effervescent tablets,no,paracetemol,other prescription
dibK.,remedeine effervescent tablets,no,paracetemol,other prescription
dibL.,paracetamol+caffeine 500mg/25mg tablets,no,paracetemol,other prescription
dibM.,paracetamol+codeine phosphate 500mg/13.5mg tablets,no,paracetemol,other prescription
dibN.,panadol ultra tablets,no,paracetemol,other prescription
dibO.,paracetamol+diphenhydramine hydrochloride 500mg/25mg tablets,no,paracetemol,other prescription
dibP.,panadol night tablets,no,paracetemol,other prescription
dibQ.,paracetamol+codeine phosphate 500mg/12.8mg tablets,no,paracetemol,other prescription
dibR.,solpadeine max tablets,no,paracetemol,other prescription
dibS.,solpadol capsules,no,paracetemol,other prescription
dibT.,paracetamol+diphenhydramine hcl 120/12.5mg/5ml s/f oral soln,no,paracetemol,other prescription
dibU.,dozol sugar free syrup,no,paracetemol,other prescription
dibV.,medised infant oral solution,no,paracetemol,other prescription
dibW.,medocodene 30/500 capsules,no,paracetemol,other prescription
dibX.,ultramol soluble tablets,no,paracetemol,other prescription
dibY.,sudafed dual relief capsules,no,paracetemol,other prescription
dibZ.,otrivine mu-cron tablets,no,paracetemol,other prescription
diba.,panadeine soluble tablets,no,paracetemol,other prescription
dibb.,paracodol dispersible tablets,no,paracetemol,other prescription
dibc.,paradeine tablets,no,paracetemol,other prescription
dibd.,parahypon tablets,no,paracetemol,other prescription
dibe.,parake tablets,no,paracetemol,other prescription
dibf.,paramol tablets,no,paracetemol,other prescription
dibg.,pardale tablets,no,paracetemol,other prescription
dibh.,paxalgesic tablets,no,paracetemol,other prescription
dibi.,pharmidone tablets,no,paracetemol,other prescription
dibj.,propain tablets,no,paracetemol,other prescription
dibl.,safapryn tablets,no,paracetemol,other prescription
dibm.,safapryn-co tablets,no,paracetemol,other prescription
dibn.,solpadeine soluble effervescent tablets,no,paracetemol,other prescription
dibo.,solpadeine forte dispersible tablets,no,paracetemol,other prescription
dibp.,syndol tablets,no,paracetemol,other prescription
dibr.,unigesic caps,no,paracetemol,other prescription
dibs.,veganin tablets,no,paracetemol,other prescription
dibt.,tylex 500mg capsules,no,paracetemol,other prescription
dibu.,solpadol effervescent tablets,no,paracetemol,other prescription
dibv.,remedeine tablets,no,paracetemol,other prescription
dibw.,remedeine forte tablets,no,paracetemol,other prescription
dibx.,paramol tablets,no,paracetemol,other prescription
diby.,medised original suspension,no,paracetemol,other prescription
dibz.,solpadol caplets,no,paracetemol,other prescription
dic1.,paracetamol+promet hcl 120mg/1.5mg/5ml colour free s/f susp,no,paracetemol,other prescription
dic2.,medised colour free and sugar free suspension,no,paracetemol,other prescription
dic3.,zapain caplets,no,paracetemol,other prescription
dic4.,zapain capsules,no,paracetemol,other prescription
dic5.,painex caplets,no,paracetemol,other prescription
dic9.,day nurse oral solution,no,paracetemol,other prescription
dicA.,day nurse capsules,no,paracetemol,other prescription
dicD.,beechams all in one syrup,no,paracetemol,other prescription
dicE.,tixyplus active relief for colds+flu oral suspension,no,paracetemol,other prescription
dicF.,paracetamol 500mg / pseudoephedrine 30mg tablets,no,paracetemol,other prescription
dicG.,non-drowsy sinutab tablets,no,paracetemol,other prescription
dicI.,vicks medinite syrup,no,paracetemol,other prescription
dicJ.,solpadeine headache tablets,no,paracetemol,other prescription
dicK.,solpadeine headache soluble tablets,no,paracetemol,other prescription
dicL.,ultramol tablets,no,paracetemol,other prescription
dicM.,ultramol capsules,no,paracetemol,other prescription
dicN.,kapake 30/500 effervescent tablets,no,paracetemol,other prescription
dicO.,tramacet 325mg/37.5mg tablets,no,paracetemol,other prescription
dicQ.,vantage cold relief capsules,no,paracetemol,other prescription
dicR.,medocodene 30/500 effervescent tablets,no,paracetemol,other prescription
dicS.,paramol soluble tablets,no,paracetemol,other prescription
dicT.,care flu strength all in one liquid oral solution,no,paracetemol,other prescription
dicU.,numark flu strength all-in-one liquid oral solution,no,paracetemol,other prescription
dicV.,lemsip max daytime cold & flu relief capsules,no,paracetemol,other prescription
dicy.,paracetamol+dihydrocodeine 500mg/7.46mg effervescent tablets,no,paracetemol,other prescription
dicz.,paracetamol+tramadol hydrochloride 325mg/37.5mg tablets,no,paracetemol,other prescription
did1.,paldesic 120mg/5ml oral suspension,no,paracetemol,other prescription
did2.,paldesic 250mg/5ml oral suspension,no,paracetemol,other prescription
did3.,anadin paracetamol 500mg tablets,no,paracetemol,other prescription
did4.,six plus parapaed paracetamol 250mg/5ml s/f oral suspension,no,paracetemol,other prescription
did5.,junior parapaed paracetamol 120mg/5ml s/f oral suspension,no,paracetemol,other prescription
did6.,propain plus caplets,no,paracetemol,other prescription
did7.,paracetamol 1000mg/100ml infusion,no,paracetemol,other prescription
did8.,perfalgan 1000mg/100ml infusion,no,paracetemol,other prescription
did9.,calpol infant suspension 120mg/5ml sachets,no,paracetemol,other prescription
didA.,calpol sugar free infant suspension 120mg/5ml sachets,no,paracetemol,other prescription
didB.,care junior paracetamol 120mg/5ml s/f oral suspension,no,paracetemol,other prescription
didC.,perfalgan 500mg/50ml infusion,no,paracetemol,other prescription
didD.,calpol 120mg/5ml suspension 100ml,no,paracetemol,other prescription
didE.,calpol 120mg/5ml sugar free suspension 100ml,no,paracetemol,other prescription
didF.,calpol sugar free infant 120mg/5ml suspension,no,paracetemol,other prescription
didG.,calpol six plus sugar-free suspension 250mg/5ml sachets,no,paracetemol,other prescription
didw.,paracetamol 250mg/5ml sugar-free oral suspension sachets,no,paracetemol,other prescription
didx.,paracetamol 500mg/50ml infusion,no,paracetemol,other prescription
didy.,paracetamol 120mg/5ml oral suspension sachets,no,paracetemol,other prescription
didz.,paracetamol 120mg/5ml s/f oral suspension sachets,no,paracetemol,other prescription
dl13.,migraleve yellow tablets,no,paracetemol,other prescription
dl1a.,migraleve yellow tablets x48,no,paracetemol,other prescription
x0095,co-codamol,no,paracetemol,other prescription
x00E6,panaleve plus capsule,no,paracetemol,other prescription
x00E7,paracetamol+caffeine 500mg/30mg capsule,no,paracetemol,other prescription
x00E8,paracets 500mg capsule,no,paracetemol,other prescription
x00Lu,paldesic 120mg/5ml elixir,no,paracetemol,other prescription
x00Y2,paracetamol 120mg paediatric soluble tablet,no,paracetemol,other prescription
x00Z9,doans backache pill,no,paracetemol,other prescription
x00dA,disprol junior 120mg soluble tablet,no,paracetemol,other prescription
x00dB,panadol extra soluble tablet,no,paracetemol,other prescription
x00dC,paracetamol+caffeine 500mg/65mg tablet,no,paracetemol,other prescription
x00eg,fanalgic 125mg/5ml syrup,no,paracetemol,other prescription
x00el,paracetamol 125mg/5ml syrup,no,paracetemol,other prescription
x00fE,fanalgic 500mg tablet,no,paracetemol,other prescription
x00fj,paracetamol+caffeine 450mg/30mg tablet,no,paracetemol,other prescription
x00fk,paracetamol+caffeine 450mg/25mg tablet,no,paracetemol,other prescription
x00fl,paracetamol+sodium salicylate 150mg/100mg tablet,no,paracetemol,other prescription
x01Kq,paracetamol compound preparation,no,paracetemol,other prescription
x01Kr,paracetamol+caffeine,no,paracetemol,other prescription
x01Ks,co-proxamol,no,paracetemol,other prescription
x02Aa,placidex 120mg/5ml liquid,no,paracetemol,other prescription
x02Du,medised plain 120mg/5ml suspension,no,paracetemol,other prescription
x02Dv,medised over 6 250mg/5ml suspension,no,paracetemol,other prescription
x02Rl,co-dydramol,no,paracetemol,other prescription
x04ul,paracetamol+caffeine 500mg/65mg soluble tablet,no,paracetemol,other prescription
x04um,panadol extra tablet,no,paracetemol,other prescription
x04un,solpadeine plus tablet,no,paracetemol,other prescription
x04uo,solpadeine plus capsule,no,paracetemol,other prescription
x04wO,tixymol 120mg/5ml s/f suspension,no,paracetemol,other prescription
x05Fp,night nurse oral solution,no,paracetemol,other prescription
x05Fq,night nurse capsule,no,paracetemol,other prescription
x05pr,paracetamol+pseudoephedrine hydrochloride,no,paracetemol,other prescription
x05sn,paracetamol+tramadol,no,paracetemol,other prescription
bxd..,simvastatin,yes,statin,other prescription
bxd1.,simvastatin 10mg tablets,yes,statin,other prescription
bxd2.,simvastatin 20mg tablets,yes,statin,other prescription
bxd3.,zocor 10mg tablets 28cp,yes,statin,other prescription
bxd4.,zocor 20mg tablets 28cp,yes,statin,other prescription
bxd5.,simvastatin 40mg tablets,yes,statin,other prescription
bxd6.,zocor 40mg tablets,yes,statin,other prescription
bxd7.,zocor 10mg tablets,yes,statin,other prescription
bxd8.,zocor 20mg tablets,yes,statin,other prescription
bxd9.,zocor 80mg tablets,yes,statin,other prescription
bxdA.,simvador 10mg tablets,yes,statin,other prescription
bxdB.,simvador 20mg tablets,yes,statin,other prescription
bxdC.,simvador 40mg tablets,yes,statin,other prescription
bxdD.,ranzolont 10mg tablets,yes,statin,other prescription
bxdE.,ranzolont 20mg tablets,yes,statin,other prescription
bxdF.,ranzolont 40mg tablets,yes,statin,other prescription
bxdG.,zocor heart-pro 10mg tablets,yes,statin,other prescription
bxdH.,inegy 10mg/20mg tablets,yes,statin,other prescription
bxdI.,inegy 10mg/40mg tablets,yes,statin,other prescription
bxdJ.,inegy 10mg/80mg tablets,yes,statin,other prescription
bxdK.,simvador 80mg tablets,yes,statin,other prescription
bxdu.,simvastatin 20mg/5ml oral suspension,yes,statin,other prescription
bxdv.,simvastatin 40mg/5ml oral suspension,yes,statin,other prescription
bxdw.,simvastatin 80mg/ezetimibe 10mg tablets,yes,statin,other prescription
bxdx.,simvastatin 40mg/ezetimibe 10mg tablets,yes,statin,other prescription
bxdy.,simvastatin 20mg/ezetimibe 10mg tablets,yes,statin,other prescription
bxdz.,simvastatin 80mg tablets,yes,statin,other prescription
bxe..,pravastatin sodium,yes,statin,other prescription
bxe1.,pravastatin 10mg tablets,yes,statin,other prescription
bxe2.,pravastatin 20mg tablets,yes,statin,other prescription
bxe3.,lipostat 10mg tablets,yes,statin,other prescription
bxe4.,lipostat 20mg tablets,yes,statin,other prescription
bxe5.,pravastatin sodium 10mg tablets,yes,statin,other prescription
bxe6.,pravastatin sodium 20mg tablets,yes,statin,other prescription
bxe7.,pravastatin sodium 40mg tablets,yes,statin,other prescription
bxe8.,lipostat 40mg tablets,yes,statin,other prescription
bxg..,fluvastatin sodium,yes,statin,other prescription
bxg1.,lescol 20mg capsules,yes,statin,other prescription
bxg2.,lescol 40mg capsules,yes,statin,other prescription
bxg3.,fluvastatin 20mg capsules,yes,statin,other prescription
bxg4.,fluvastatin 40mg capsules,yes,statin,other prescription
bxg5.,lescol xl 80mg m/r tablets,yes,statin,other prescription
bxg6.,luvinsta xl 80mg m/r tablets,yes,statin,other prescription
bxg7.,stefluvin xl 80mg m/r tablets,yes,statin,other prescription
bxg8.,dorisin xl 80mg m/r tablets,yes,statin,other prescription
bxg9.,nandovar xl 80mg m/r tablets,yes,statin,other prescription
bxgz.,fluvastatin 80mg m/r tablets,yes,statin,other prescription
bxi..,atorvastatin,yes,statin,other prescription
bxi1.,atorvastatin 10mg tablets,yes,statin,other prescription
bxi2.,atorvastatin 20mg tablets,yes,statin,other prescription
bxi3.,atorvastatin 40mg tablets,yes,statin,other prescription
bxi4.,lipitor 10mg tablets,yes,statin,other prescription
bxi5.,lipitor 20mg tablets,yes,statin,other prescription
bxi6.,lipitor 40mg tablets,yes,statin,other prescription
bxi7.,lipitor 80mg tablets,yes,statin,other prescription
bxi8.,lipitor 10mg chewable tablets,yes,statin,other prescription
bxi9.,atorvastatin 10mg chewable tablets,yes,statin,other prescription
bxiA.,lipitor 20mg chewable tablets,yes,statin,other prescription
bxiB.,atorvastatin 20mg chewable tablets,yes,statin,other prescription
bxiy.,atorvastatin 60mg tablets,yes,statin,other prescription
bxiz.,atorvastatin 80mg tablets,yes,statin,other prescription
bxk..,rosuvastatin,yes,statin,other prescription
bxk1.,crestor 10mg tablets,yes,statin,other prescription
bxk2.,crestor 20mg tablets,yes,statin,other prescription
bxk3.,crestor 40mg tablets,yes,statin,other prescription
bxk4.,crestor 5mg tablets,yes,statin,other prescription
bxkw.,rosuvastatin 5mg tablets,yes,statin,other prescription
bxkx.,rosuvastatin 10mg tablets,yes,statin,other prescription
bxky.,rosuvastatin 20mg tablets,yes,statin,other prescription
bxkz.,rosuvastatin 40mg tablets,yes,statin,other prescription
x01R2,fluvastatin,yes,statin,other prescription
x01R3,pravastatin,yes,statin,other prescription
x05xL,ezetimibe+simvastatin,yes,statin,other prescription
